Workbook
Name AckDays: Lists!$B$4
Name AmberDays: Lists!$B$6
Name HighScore: Lists!$B$9
Name Holidays: tblHolidays[Holiday_Date]
Name IDPromptDays: Lists!$B$5
Name InternalDays: Lists!$B$3
Name L_ActionStatus: Lists!$U$2:$U$4
Name L_Approver: Lists!$AF$2:$AF$4
Name L_Area: Lists!$N$2:$N$7
Name L_Channel: Lists!$L$2:$L$6
Name L_Consult: Lists!$AE$2:$AE$5
Name L_DSRStatus: Lists!$O$2:$O$6
Name L_IncCat: Lists!$S$2:$S$3
Name L_IncStatus: Lists!$AG$2:$AG$3
Name L_IncType: Lists!$X$2:$X$15
Name L_Owner: Lists!$P$2:$P$7
Name L_ReqType: Lists!$H$2:$H$10
Name L_Requester: Lists!$M$2:$M$6
Name L_Risk: Lists!$R$2:$R$5
Name L_Score: Lists!$V$2:$V$6
Name L_SubjType: Lists!$T$2:$T$3
Name L_YesNo: Lists!$Q$2:$Q$3
Name MediumScore: Lists!$B$10
Name NotifyHours: Lists!$B$8
Name RedDays: Lists!$B$7
Name ReportDate: Lists!$B$2
Name ReqTypes: Lists!$H$2:$J$10
Name ReviewMonths: Lists!$B$11
Name SubjectBands: Lists!$Z$2:$AA$7
Name TimeBands: Lists!$AB$2:$AC$5

Sheet ReadMe
A1: GDPR Tracker - Northbay Retail Ltd (fictional)
A3: Purpose: an Excel tracker for the day-to-day work of a privacy team - logging data subject requests, tracking GDPR deadlines, recording personal data breaches and DPIAs, and producing a monthly report for the Data Privacy Manager.
A4: All register records are synthetic (incidents are modelled on real ICO records, see ICO_Template_Ref). Registers hold reference IDs only - no names, emails or other personal data (data minimisation).
A6: Sheets
A7: Lists - parameters (snapshot date, targets, thresholds), Irish public holidays (Excel table tblHolidays), lookup tables and dropdown lists, holiday checks
A8: DSR_Register - one row per request: statutory deadline with ID pause, extension and weekend/holiday roll-over, snapshot RAG, on-time flag, data check
A9: Incident_Log - one row per breach: notification decision, 72-hour deadline, time-to-report band, Art 34 flag, data check
A10: DPIA_Register - screening, inherent and residual risk, mitigation actions, automatic Art 36 flag kept separate from the recorded consultation and approval, review date, data check
A11: Live_Alerts - open requests, pending breach notifications and open DPIA actions ranked by urgency against TODAY()
A12: Monthly_Report - KPIs for a selected month (change cell B3), requests by type, six-month trend, data-check summary
A13: Benchmark - tracker figures next to DPC Annual Report 2025 and ICO retail incident data (ICO counts are live formulas)
A14: ICO_Retail_2024_25 - 2,831 real ICO incident records (UK, Retail and manufacture, 2024-2025), used by Benchmark and as templates for the synthetic incidents (Open Government Licence v3.0)
... A36: Built for Excel 2016 and later (EDATE, WORKDAY, NETWORKDAYS, VLOOKUP, INDEX, AGGREGATE, COUNTIFS, AVERAGEIFS; no dynamic arrays).

Sheet Lists
A1: Parameter | B1: Value | C1: Note | E1: Holiday_Date | F1: Holiday | H1: Request_Type | I1: Article | J1: Statutory | L1: Channel | M1: Requester_Type | N1: Business_Area | O1: DSR_Status | P1: Owner | Q1: Yes_No | R1: Risk_Level | S1: Incident_Category | T1: Data_Subject_Type | U1: Action_Status | V1: Score | X1: Incident_Type | Z1: Subjects_Min | AA1: Subjects_Band | AB1: Hours_Min | AC1: Time_Band | AE1: Consultation_Status | AF1: Approver | AG1: Incident_Status
A2: Report_Date | B2: 46325 | C2: SNAPSHOT date: register RAG/days columns and Monthly_Report are a historical snapshot as of this date (reproducible). Live_Alerts uses TODAY() instead. | E2: 46023 | F2: New Year's Day | H2: Access | I2: Art 15 | J2: Y | L2: Privacy mailbox | M2: Customer | N2: Online | O2: Logged | P2: Privacy Analyst | Q2: Y | R2: No risk | S2: Non Cyber | T2: Customers or prospective customers | U2: Open | V2: 1 | X2: Data emailed to incorrect recipient | Z2: 1 | AA2: 1 to 9 | AB2: 0 | AC2: Less than 24 hours | AE2: Not started | AF2: Data Privacy Manager | AG2: Open
A3: Internal_Target_Days | B3: 15 | C3: DPC recommends policies aimed at responding within 15 days (internal target) | E3: 46055 | F3: St Brigid's Day | H3: Rectification | I3: Art 16 | J3: Y | L3: Web form | M3: Employee | N3: Stores | O3: Awaiting ID | P3: Privacy Manager | Q3: N | R3: Low | S3: Cyber | T3: Employees | U3: In progress | V3: 2 | X3: Data posted or faxed to incorrect recipient | Z3: 10 | AA3: 10 to 99 | AB3: 24 | AC3: 24 hours to 72 hours | AE3: Submitted to DPC | AF3: Head of Legal | AG3: Closed
A4: Ack_Target_Working_Days | B4: 2 | C4: Internal policy: acknowledge within 2 working days | E4: 46098 | F4: St Patrick's Day | H4: Erasure | I4: Art 17 | J4: Y | L4: Post | M4: Former employee | N4: Loyalty & Marketing | O4: In progress | P4: HR | R4: Medium | U4: Done | V4: 3 | X4: Failure to use bcc | Z4: 100 | AA4: 100 to 1k | AB4: 72 | AC4: 72 hours to 1 week | AE4: DPC advice received | AF4: Business Owner
A5: ID_Request_Prompt_Days | B5: 3 | C5: Internal policy: ask for ID within 3 days so the pause is defensible (EDPB 01/2022 para 159) | E5: 46118 | F5: Easter Monday | H5: Restriction | I5: Art 18 | J5: Y | L5: In-store | M5: Job applicant | N5: HR | O5: Escalated | P5: IT | R5: High | V5: 4 | X5: Failure to redact | Z5: 1000 | AA5: 1k to 10k | AB5: 168 | AC5: More than 1 week | AE5: Not required
A6: Amber_Days | B6: 14 | C6: RAG: amber when 14 days or fewer remain | E6: 46146 | F6: May Bank Holiday | H6: Portability | I6: Art 20 | J6: Y | L6: Customer service | M6: Third party (authorised) | N6: CCTV & Security | O6: Closed | P6: Marketing | V6: 5 | X6: Verbal disclosure of personal data | Z6: 10000 | AA6: 10k to 100k
A7: Red_Days | B7: 7 | C7: RAG: red when 7 days or fewer remain | E7: 46174 | F7: June Bank Holiday | H7: Objection - direct marketing | I7: Art 21(2) | J7: Y | N7: Customer Service | P7: Store Operations | X7: Loss/theft of device containing personal data | Z7: 100000 | AA7: 100k and above
A8: Breach_Notify_Hours | B8: 72 | C8: GDPR Art 33(1): notify the DPC within 72 hours of becoming aware | E8: 46237 | F8: August Bank Holiday | H8: Objection - other | I8: Art 21(1) | J8: Y | X8: Loss/theft of paperwork or data left in insecure location
A9: High_Score | B9: 15 | C9: DPIA: likelihood x impact of 15-25 = High | E9: 46321 | F9: October Bank Holiday | H9: Complaint | I9: n/a | J9: N | X9: Data of wrong data subject shown in client portal
A10: Medium_Score | B10: 8 | C10: DPIA: 8-14 = Medium, below 8 = Low | E10: 46381 | F10: Christmas Day | H10: General query | I10: n/a | J10: N | X10: Unauthorised access
A11: DPIA_Review_Months | B11: 12 | C11: Internal policy: review approved DPIAs every 12 months | E11: 46382 | F11: St Stephen's Day (Saturday) | X11: Phishing
E12: 46388 | F12: New Year's Day | X12: Ransomware
A13: Holiday_List_Check | B13: =IF(COUNTA(tblHolidays[Holiday])=COUNT(tblHolidays[Holiday_Date]),"OK","Check: a holiday row has no valid date") -> OK | C13: Every holiday row must hold a real date | E13: 46419 | F13: St Brigid's Day | X13: Hardware/software misconfiguration
A14: Holidays_Covered_To | B14: =MAX(tblHolidays[Holiday_Date]) -> 46747 | C14: Last holiday in the list | E14: 46463 | F14: St Patrick's Day | X14: Other non-cyber incident
A15: Holiday_Coverage_Check | B15: =IF(MAX(DSR_Register!$U$2:$U$201)>B14,"Check: a deadline falls after "&TEXT(B14,"dd/mm/yyyy"),"OK") -> OK | C15: Warns when a deadline falls after the last listed holiday: add the next year | E15: 46475 | F15: Easter Monday | X15: Other cyber incident
E16: 46510 | F16: May Bank Holiday
E17: 46545 | F17: June Bank Holiday
E18: 46601 | F18: August Bank Holiday
E19: 46685 | F19: October Bank Holiday
E20: 46746 | F20: Christmas Day (Saturday)
E21: 46747 | F21: St Stephen's Day (Sunday)

Sheet DSR_Register
A1: Request_ID | B1: Received_Date | C1: Channel | D1: Request_Type | E1: Article | F1: Statutory | G1: Requester_Type | H1: Business_Area | I1: Acknowledged_Date | J1: Ack_On_Time | K1: ID_Check_Needed | L1: ID_Requested_Date | M1: ID_Received_Date | N1: ID_Request_Prompt | O1: Paused_Days | P1: Statutory_Deadline | Q1: Internal_Target | R1: Extended | S1: Extension_Notice_Date | T1: Extension_Notice_OK | U1: Final_Deadline | V1: Owner | W1: Status | X1: Escalated | Y1: Response_Date | Z1: Days_Open | AA1: Days_Remaining_Snapshot | AB1: RAG_Snapshot | AC1: On_Time | AD1: Exemption_Applied | AE1: Notes | AF1: Data_Check
A2: DSR-2026-001 | B2: 46146 | C2: Privacy mailbox | D2: Access | E2: =IF($A2="","",IFERROR(VLOOKUP($D2,ReqTypes,2,FALSE),"?")) -> Art 15 | F2: =IF($A2="","",IFERROR(VLOOKUP($D2,ReqTypes,3,FALSE),"?")) -> Y | G2: Customer | H2: Online | I2: 46147 | J2: =IF(OR($A2="",$I2=""),"",IF(NETWORKDAYS($B2,$I2,Holidays)-1<=AckDays,"Y","N")) -> Y | K2: N | N2: =IF(OR($A2="",$K2<>"Y"),"",IF($L2="","Pending",IF($L2-$B2<=IDPromptDays,"Y","Check"))) | O2: =IF($A2="","",IF(OR($K2<>"Y",$L2=""),0,IF($M2="",MAX(0,ReportDate-$L2),$M2-$L2))) -> 0 | P2: =IF($A2="","",IF($F2<>"Y","n/a",WORKDAY(EDATE($B2,1)+$O2-1,1,Holidays))) -> 46177 | Q2: =IF($A2="","",$B2+$O2+InternalDays) -> 46161 | R2: N | T2: =IF(OR($A2="",$R2<>"Y"),"",IF($S2="","Missing",IF(AND($F2="Y",$S2<=$P2),"Y","Late"))) | U2: =IF($A2="","",IF($F2<>"Y",$Q2,IF(AND($R2="Y",$T2="Y"),WORKDAY(EDATE($B2,3)+$O2-1,1,Holidays),$P2))) -> 46177 | V2: Privacy Analyst | W2: Closed | X2: N | Y2: 46160 | Z2: =IF($A2="","",IF($Y2<>"",$Y2-$B2,ReportDate-$B2)) -> 14 | AA2: =IF(OR($A2="",$W2="Closed"),"",$U2-ReportDate) | AB2: =IF($A2="","",IF($W2="Closed",IF($Y2<=$U2,"Closed on time","Closed late"),IF($W2="Awaiting ID","Paused",IF($AA2<0,"Overdue",IF($AA2<=RedDays,"Red",IF($AA2<=AmberDays,"Amber","Green")))))) -> Closed on time | AC2: =IF(OR($A2="",$Y2=""),"",IF($Y2<=$U2,"Y","N")) -> Y | AD2: N | AF2: =IF($A2="","",IF(IF(OR($B2="",$C2="",$D2="",$V2="",$W2=""),"missing required field; ","")&IF(COUNTIF($A$2:$A$201,$A2)>1,"duplicate ID; ","")&IF(AND($B2<>"",$B2>ReportDate),"received after snapshot date; ","")&IF(AND($I2<>"",$B2<>"",$I2<$B2),"acknowledged before receipt; ","")&IF(AND($K2="Y",$L2="",$W2<>"Logged"),"ID requested date missing; ","")&IF(AND($L2<>"",$M2<>"",$M2<$L2),"ID dates out of order; ","")&IF(AND($K2<>"Y",OR($L2<>"",$W2="Awaiting ID")),"ID fields used but ID_Check_Needed is not Y; ","")&IF(AND($R2="Y",$S2=""),"extension notice date missing; ","")&IF(AND($R2<>"Y",$S2<>""),"notice date but Extended is not Y; ","")&IF(AND($W2="Closed",$Y2=""),"closed without response date; ","")&IF(AND($Y2<>"",$W2<>"Closed"),"response date but status not Closed; ","")&IF(AND($Y2<>"",$B2<>"",$Y2<$B2),"response before receipt; ","")&IF(AND($AD2="Y",$AE2=""),"exemption needs a reason in Notes; ","")="","OK","Check: "&IF(OR($B2="",$C2="",$D2="",$V2="",$W2=""),"missing required field; ","")&IF(COUNTIF($A$2:$A$201,$A2)>1,"duplicate ID; ","")&IF(AND($B2<>"",$B2>ReportDate),"received after snapshot date; ","")&IF(AND($I2<>"",$B2<>"",$I2<$B2),"acknowledged before receipt; ","")&IF(AND($K2="Y",$L2="",$W2<>"Logged"),"ID requested date missing; ","")&IF(AND($L2<>"",$M2<>"",$M2<$L2),"ID dates out of order; ","")&IF(AND($K2<>"Y",OR($L2<>"",$W2="Awaiting ID")),"ID fields used but ID_Check_Needed is not Y; ","")&IF(AND($R2="Y",$S2=""),"extension notice date missing; ","")&IF(AND($R2<>"Y",$S2<>""),"notice date but Extended is not Y; ","")&IF(AND($W2="Closed",$Y2=""),"closed without response date; ","")&IF(AND($Y2<>"",$W2<>"Closed"),"response date but status not Closed; ","")&IF(AND($Y2<>"",$B2<>"",$Y2<$B2),"response before receipt; ","")&IF(AND($AD2="Y",$AE2=""),"exemption needs a reason in Notes; ",""))) -> OK
A3: DSR-2026-002 | B3: 46148 | C3: Web form | D3: Erasure | E3: =IF($A3="","",IFERROR(VLOOKUP($D3,ReqTypes,2,FALSE),"?")) -> Art 17 | F3: =IF($A3="","",IFERROR(VLOOKUP($D3,ReqTypes,3,FALSE),"?")) -> Y | G3: Customer | H3: Online | I3: 46149 | J3: =IF(OR($A3="",$I3=""),"",IF(NETWORKDAYS($B3,$I3,Holidays)-1<=AckDays,"Y","N")) -> Y | K3: N | N3: =IF(OR($A3="",$K3<>"Y"),"",IF($L3="","Pending",IF($L3-$B3<=IDPromptDays,"Y","Check"))) | O3: =IF($A3="","",IF(OR($K3<>"Y",$L3=""),0,IF($M3="",MAX(0,ReportDate-$L3),$M3-$L3))) -> 0 | P3: =IF($A3="","",IF($F3<>"Y","n/a",WORKDAY(EDATE($B3,1)+$O3-1,1,Holidays))) -> 46181 | Q3: =IF($A3="","",$B3+$O3+InternalDays) -> 46163 | R3: N | T3: =IF(OR($A3="",$R3<>"Y"),"",IF($S3="","Missing",IF(AND($F3="Y",$S3<=$P3),"Y","Late"))) | U3: =IF($A3="","",IF($F3<>"Y",$Q3,IF(AND($R3="Y",$T3="Y"),WORKDAY(EDATE($B3,3)+$O3-1,1,Holidays),$P3))) -> 46181 | V3: IT | W3: Closed | X3: N | Y3: 46154 | Z3: =IF($A3="","",IF($Y3<>"",$Y3-$B3,ReportDate-$B3)) -> 6 | AA3: =IF(OR($A3="",$W3="Closed"),"",$U3-ReportDate) | AB3: =IF($A3="","",IF($W3="Closed",IF($Y3<=$U3,"Closed on time","Closed late"),IF($W3="Awaiting ID","Paused",IF($AA3<0,"Overdue",IF($AA3<=RedDays,"Red",IF($AA3<=AmberDays,"Amber","Green")))))) -> Closed on time | AC3: =IF(OR($A3="",$Y3=""),"",IF($Y3<=$U3,"Y","N")) -> Y | AD3: N | AF3: =IF($A3="","",IF(IF(OR($B3="",$C3="",$D3="",$V3="",$W3=""),"missing required field; ","")&IF(COUNTIF($A$2:$A$201,$A3)>1,"duplicate ID; ","")&IF(AND($B3<>"",$B3>ReportDate),"received after snapshot date; ","")&IF(AND($I3<>"",$B3<>"",$I3<$B3),"acknowledged before receipt; ","")&IF(AND($K3="Y",$L3="",$W3<>"Logged"),"ID requested date missing; ","")&IF(AND($L3<>"",$M3<>"",$M3<$L3),"ID dates out of order; ","")&IF(AND($K3<>"Y",OR($L3<>"",$W3="Awaiting ID")),"ID fields used but ID_Check_Needed is not Y; ","")&IF(AND($R3="Y",$S3=""),"extension notice date missing; ","")&IF(AND($R3<>"Y",$S3<>""),"notice date but Extended is not Y; ","")&IF(AND($W3="Closed",$Y3=""),"closed without response date; ","")&IF(AND($Y3<>"",$W3<>"Closed"),"response date but status not Closed; ","")&IF(AND($Y3<>"",$B3<>"",$Y3<$B3),"response before receipt; ","")&IF(AND($AD3="Y",$AE3=""),"exemption needs a reason in Notes; ","")="","OK","Check: "&IF(OR($B3="",$C3="",$D3="",$V3="",$W3=""),"missing required field; ","")&IF(COUNTIF($A$2:$A$201,$A3)>1,"duplicate ID; ","")&IF(AND($B3<>"",$B3>ReportDate),"received after snapshot date; ","")&IF(AND($I3<>"",$B3<>"",$I3<$B3),"acknowledged before receipt; ","")&IF(AND($K3="Y",$L3="",$W3<>"Logged"),"ID requested date missing; ","")&IF(AND($L3<>"",$M3<>"",$M3<$L3),"ID dates out of order; ","")&IF(AND($K3<>"Y",OR($L3<>"",$W3="Awaiting ID")),"ID fields used but ID_Check_Needed is not Y; ","")&IF(AND($R3="Y",$S3=""),"extension notice date missing; ","")&IF(AND($R3<>"Y",$S3<>""),"notice date but Extended is not Y; ","")&IF(AND($W3="Closed",$Y3=""),"closed without response date; ","")&IF(AND($Y3<>"",$W3<>"Closed"),"response date but status not Closed; ","")&IF(AND($Y3<>"",$B3<>"",$Y3<$B3),"response before receipt; ","")&IF(AND($AD3="Y",$AE3=""),"exemption needs a reason in Notes; ",""))) -> OK
A4: DSR-2026-003 | B4: 46151 | C4: Privacy mailbox | D4: Objection - direct marketing | E4: =IF($A4="","",IFERROR(VLOOKUP($D4,ReqTypes,2,FALSE),"?")) -> Art 21(2) | F4: =IF($A4="","",IFERROR(VLOOKUP($D4,ReqTypes,3,FALSE),"?")) -> Y | G4: Customer | H4: Loyalty & Marketing | I4: 46153 | J4: =IF(OR($A4="",$I4=""),"",IF(NETWORKDAYS($B4,$I4,Holidays)-1<=AckDays,"Y","N")) -> Y | K4: N | N4: =IF(OR($A4="",$K4<>"Y"),"",IF($L4="","Pending",IF($L4-$B4<=IDPromptDays,"Y","Check"))) | O4: =IF($A4="","",IF(OR($K4<>"Y",$L4=""),0,IF($M4="",MAX(0,ReportDate-$L4),$M4-$L4))) -> 0 | P4: =IF($A4="","",IF($F4<>"Y","n/a",WORKDAY(EDATE($B4,1)+$O4-1,1,Holidays))) -> 46182 | Q4: =IF($A4="","",$B4+$O4+InternalDays) -> 46166 | R4: N | T4: =IF(OR($A4="",$R4<>"Y"),"",IF($S4="","Missing",IF(AND($F4="Y",$S4<=$P4),"Y","Late"))) | U4: =IF($A4="","",IF($F4<>"Y",$Q4,IF(AND($R4="Y",$T4="Y"),WORKDAY(EDATE($B4,3)+$O4-1,1,Holidays),$P4))) -> 46182 | V4: Marketing | W4: Closed | X4: N | Y4: 46154 | Z4: =IF($A4="","",IF($Y4<>"",$Y4-$B4,ReportDate-$B4)) -> 3 | AA4: =IF(OR($A4="",$W4="Closed"),"",$U4-ReportDate) | AB4: =IF($A4="","",IF($W4="Closed",IF($Y4<=$U4,"Closed on time","Closed late"),IF($W4="Awaiting ID","Paused",IF($AA4<0,"Overdue",IF($AA4<=RedDays,"Red",IF($AA4<=AmberDays,"Amber","Green")))))) -> Closed on time | AC4: =IF(OR($A4="",$Y4=""),"",IF($Y4<=$U4,"Y","N")) -> Y | AD4: N | AE4: Received on a Saturday | AF4: =IF($A4="","",IF(IF(OR($B4="",$C4="",$D4="",$V4="",$W4=""),"missing required field; ","")&IF(COUNTIF($A$2:$A$201,$A4)>1,"duplicate ID; ","")&IF(AND($B4<>"",$B4>ReportDate),"received after snapshot date; ","")&IF(AND($I4<>"",$B4<>"",$I4<$B4),"acknowledged before receipt; ","")&IF(AND($K4="Y",$L4="",$W4<>"Logged"),"ID requested date missing; ","")&IF(AND($L4<>"",$M4<>"",$M4<$L4),"ID dates out of order; ","")&IF(AND($K4<>"Y",OR($L4<>"",$W4="Awaiting ID")),"ID fields used but ID_Check_Needed is not Y; ","")&IF(AND($R4="Y",$S4=""),"extension notice date missing; ","")&IF(AND($R4<>"Y",$S4<>""),"notice date but Extended is not Y; ","")&IF(AND($W4="Closed",$Y4=""),"closed without response date; ","")&IF(AND($Y4<>"",$W4<>"Closed"),"response date but status not Closed; ","")&IF(AND($Y4<>"",$B4<>"",$Y4<$B4),"response before receipt; ","")&IF(AND($AD4="Y",$AE4=""),"exemption needs a reason in Notes; ","")="","OK","Check: "&IF(OR($B4="",$C4="",$D4="",$V4="",$W4=""),"missing required field; ","")&IF(COUNTIF($A$2:$A$201,$A4)>1,"duplicate ID; ","")&IF(AND($B4<>"",$B4>ReportDate),"received after snapshot date; ","")&IF(AND($I4<>"",$B4<>"",$I4<$B4),"acknowledged before receipt; ","")&IF(AND($K4="Y",$L4="",$W4<>"Logged"),"ID requested date missing; ","")&IF(AND($L4<>"",$M4<>"",$M4<$L4),"ID dates out of order; ","")&IF(AND($K4<>"Y",OR($L4<>"",$W4="Awaiting ID")),"ID fields used but ID_Check_Needed is not Y; ","")&IF(AND($R4="Y",$S4=""),"extension notice date missing; ","")&IF(AND($R4<>"Y",$S4<>""),"notice date but Extended is not Y; ","")&IF(AND($W4="Closed",$Y4=""),"closed without response date; ","")&IF(AND($Y4<>"",$W4<>"Closed"),"response date but status not Closed; ","")&IF(AND($Y4<>"",$B4<>"",$Y4<$B4),"response before receipt; ","")&IF(AND($AD4="Y",$AE4=""),"exemption needs a reason in Notes; ",""))) -> OK
A5: DSR-2026-004 | B5: 46154 | C5: Post | D5: Access | E5: =IF($A5="","",IFERROR(VLOOKUP($D5,ReqTypes,2,FALSE),"?")) -> Art 15 | F5: =IF($A5="","",IFERROR(VLOOKUP($D5,ReqTypes,3,FALSE),"?")) -> Y | G5: Former employee | H5: HR | I5: 46156 | J5: =IF(OR($A5="",$I5=""),"",IF(NETWORKDAYS($B5,$I5,Holidays)-1<=AckDays,"Y","N")) -> Y | K5: Y | L5: 46155 | M5: 46162 | N5: =IF(OR($A5="",$K5<>"Y"),"",IF($L5="","Pending",IF($L5-$B5<=IDPromptDays,"Y","Check"))) -> Y | O5: =IF($A5="","",IF(OR($K5<>"Y",$L5=""),0,IF($M5="",MAX(0,ReportDate-$L5),$M5-$L5))) -> 7 | P5: =IF($A5="","",IF($F5<>"Y","n/a",WORKDAY(EDATE($B5,1)+$O5-1,1,Holidays))) -> 46192 | Q5: =IF($A5="","",$B5+$O5+InternalDays) -> 46176 | R5: N | T5: =IF(OR($A5="",$R5<>"Y"),"",IF($S5="","Missing",IF(AND($F5="Y",$S5<=$P5),"Y","Late"))) | U5: =IF($A5="","",IF($F5<>"Y",$Q5,IF(AND($R5="Y",$T5="Y"),WORKDAY(EDATE($B5,3)+$O5-1,1,Holidays),$P5))) -> 46192 | V5: HR | W5: Closed | X5: N | Y5: 46181 | Z5: =IF($A5="","",IF($Y5<>"",$Y5-$B5,ReportDate-$B5)) -> 27 | AA5: =IF(OR($A5="",$W5="Closed"),"",$U5-ReportDate) | AB5: =IF($A5="","",IF($W5="Closed",IF($Y5<=$U5,"Closed on time","Closed late"),IF($W5="Awaiting ID","Paused",IF($AA5<0,"Overdue",IF($AA5<=RedDays,"Red",IF($AA5<=AmberDays,"Amber","Green")))))) -> Closed on time | AC5: =IF(OR($A5="",$Y5=""),"",IF($Y5<=$U5,"Y","N")) -> Y | AD5: N | AE5: ID requested by letter; clock paused until reply | AF5: =IF($A5="","",IF(IF(OR($B5="",$C5="",$D5="",$V5="",$W5=""),"missing required field; ","")&IF(COUNTIF($A$2:$A$201,$A5)>1,"duplicate ID; ","")&IF(AND($B5<>"",$B5>ReportDate),"received after snapshot date; ","")&IF(AND($I5<>"",$B5<>"",$I5<$B5),"acknowledged before receipt; ","")&IF(AND($K5="Y",$L5="",$W5<>"Logged"),"ID requested date missing; ","")&IF(AND($L5<>"",$M5<>"",$M5<$L5),"ID dates out of order; ","")&IF(AND($K5<>"Y",OR($L5<>"",$W5="Awaiting ID")),"ID fields used but ID_Check_Needed is not Y; ","")&IF(AND($R5="Y",$S5=""),"extension notice date missing; ","")&IF(AND($R5<>"Y",$S5<>""),"notice date but Extended is not Y; ","")&IF(AND($W5="Closed",$Y5=""),"closed without response date; ","")&IF(AND($Y5<>"",$W5<>"Closed"),"response date but status not Closed; ","")&IF(AND($Y5<>"",$B5<>"",$Y5<$B5),"response before receipt; ","")&IF(AND($AD5="Y",$AE5=""),"exemption needs a reason in Notes; ","")="","OK","Check: "&IF(OR($B5="",$C5="",$D5="",$V5="",$W5=""),"missing required field; ","")&IF(COUNTIF($A$2:$A$201,$A5)>1,"duplicate ID; ","")&IF(AND($B5<>"",$B5>ReportDate),"received after snapshot date; ","")&IF(AND($I5<>"",$B5<>"",$I5<$B5),"acknowledged before receipt; ","")&IF(AND($K5="Y",$L5="",$W5<>"Logged"),"ID requested date missing; ","")&IF(AND($L5<>"",$M5<>"",$M5<$L5),"ID dates out of order; ","")&IF(AND($K5<>"Y",OR($L5<>"",$W5="Awaiting ID")),"ID fields used but ID_Check_Needed is not Y; ","")&IF(AND($R5="Y",$S5=""),"extension notice date missing; ","")&IF(AND($R5<>"Y",$S5<>""),"notice date but Extended is not Y; ","")&IF(AND($W5="Closed",$Y5=""),"closed without response date; ","")&IF(AND($Y5<>"",$W5<>"Closed"),"response date but status not Closed; ","")&IF(AND($Y5<>"",$B5<>"",$Y5<$B5),"response before receipt; ","")&IF(AND($AD5="Y",$AE5=""),"exemption needs a reason in Notes; ",""))) -> OK
A6: DSR-2026-005 | B6: 46157 | C6: In-store | D6: Access | E6: =IF($A6="","",IFERROR(VLOOKUP($D6,ReqTypes,2,FALSE),"?")) -> Art 15 | F6: =IF($A6="","",IFERROR(VLOOKUP($D6,ReqTypes,3,FALSE),"?")) -> Y | G6: Customer | H6: CCTV & Security | I6: 46160 | J6: =IF(OR($A6="",$I6=""),"",IF(NETWORKDAYS($B6,$I6,Holidays)-1<=AckDays,"Y","N")) -> Y | K6: Y | L6: 46157 | M6: 46160 | N6: =IF(OR($A6="",$K6<>"Y"),"",IF($L6="","Pending",IF($L6-$B6<=IDPromptDays,"Y","Check"))) -> Y | O6: =IF($A6="","",IF(OR($K6<>"Y",$L6=""),0,IF($M6="",MAX(0,ReportDate-$L6),$M6-$L6))) -> 3 | P6: =IF($A6="","",IF($F6<>"Y","n/a",WORKDAY(EDATE($B6,1)+$O6-1,1,Holidays))) -> 46191 | Q6: =IF($A6="","",$B6+$O6+InternalDays) -> 46175 | R6: N | T6: =IF(OR($A6="",$R6<>"Y"),"",IF($S6="","Missing",IF(AND($F6="Y",$S6<=$P6),"Y","Late"))) | U6: =IF($A6="","",IF($F6<>"Y",$Q6,IF(AND($R6="Y",$T6="Y"),WORKDAY(EDATE($B6,3)+$O6-1,1,Holidays),$P6))) -> 46191 | V6: Privacy Analyst | W6: Closed | X6: N | Y6: 46176 | Z6: =IF($A6="","",IF($Y6<>"",$Y6-$B6,ReportDate-$B6)) -> 19 | AA6: =IF(OR($A6="",$W6="Closed"),"",$U6-ReportDate) | AB6: =IF($A6="","",IF($W6="Closed",IF($Y6<=$U6,"Closed on time","Closed late"),IF($W6="Awaiting ID","Paused",IF($AA6<0,"Overdue",IF($AA6<=RedDays,"Red",IF($AA6<=AmberDays,"Amber","Green")))))) -> Closed on time | AC6: =IF(OR($A6="",$Y6=""),"",IF($Y6<=$U6,"Y","N")) -> Y | AD6: Y | AE6: CCTV footage: 2 other shoppers blurred. Redaction schedule RS-005 (Art 15(4)) | AF6: =IF($A6="","",IF(IF(OR($B6="",$C6="",$D6="",$V6="",$W6=""),"missing required field; ","")&IF(COUNTIF($A$2:$A$201,$A6)>1,"duplicate ID; ","")&IF(AND($B6<>"",$B6>ReportDate),"received after snapshot date; ","")&IF(AND($I6<>"",$B6<>"",$I6<$B6),"acknowledged before receipt; ","")&IF(AND($K6="Y",$L6="",$W6<>"Logged"),"ID requested date missing; ","")&IF(AND($L6<>"",$M6<>"",$M6<$L6),"ID dates out of order; ","")&IF(AND($K6<>"Y",OR($L6<>"",$W6="Awaiting ID")),"ID fields used but ID_Check_Needed is not Y; ","")&IF(AND($R6="Y",$S6=""),"extension notice date missing; ","")&IF(AND($R6<>"Y",$S6<>""),"notice date but Extended is not Y; ","")&IF(AND($W6="Closed",$Y6=""),"closed without response date; ","")&IF(AND($Y6<>"",$W6<>"Closed"),"response date but status not Closed; ","")&IF(AND($Y6<>"",$B6<>"",$Y6<$B6),"response before receipt; ","")&IF(AND($AD6="Y",$AE6=""),"exemption needs a reason in Notes; ","")="","OK","Check: "&IF(OR($B6="",$C6="",$D6="",$V6="",$W6=""),"missing required field; ","")&IF(COUNTIF($A$2:$A$201,$A6)>1,"duplicate ID; ","")&IF(AND($B6<>"",$B6>ReportDate),"received after snapshot date; ","")&IF(AND($I6<>"",$B6<>"",$I6<$B6),"acknowledged before receipt; ","")&IF(AND($K6="Y",$L6="",$W6<>"Logged"),"ID requested date missing; ","")&IF(AND($L6<>"",$M6<>"",$M6<$L6),"ID dates out of order; ","")&IF(AND($K6<>"Y",OR($L6<>"",$W6="Awaiting ID")),"ID fields used but ID_Check_Needed is not Y; ","")&IF(AND($R6="Y",$S6=""),"extension notice date missing; ","")&IF(AND($R6<>"Y",$S6<>""),"notice date but Extended is not Y; ","")&IF(AND($W6="Closed",$Y6=""),"closed without response date; ","")&IF(AND($Y6<>"",$W6<>"Closed"),"response date but status not Closed; ","")&IF(AND($Y6<>"",$B6<>"",$Y6<$B6),"response before receipt; ","")&IF(AND($AD6="Y",$AE6=""),"exemption needs a reason in Notes; ",""))) -> OK
A7: DSR-2026-006 | B7: 46162 | C7: Privacy mailbox | D7: Rectification | E7: =IF($A7="","",IFERROR(VLOOKUP($D7,ReqTypes,2,FALSE),"?")) -> Art 16 | F7: =IF($A7="","",IFERROR(VLOOKUP($D7,ReqTypes,3,FALSE),"?")) -> Y | G7: Customer | H7: Loyalty & Marketing | I7: 46163 | J7: =IF(OR($A7="",$I7=""),"",IF(NETWORKDAYS($B7,$I7,Holidays)-1<=AckDays,"Y","N")) -> Y | K7: N | N7: =IF(OR($A7="",$K7<>"Y"),"",IF($L7="","Pending",IF($L7-$B7<=IDPromptDays,"Y","Check"))) | O7: =IF($A7="","",IF(OR($K7<>"Y",$L7=""),0,IF($M7="",MAX(0,ReportDate-$L7),$M7-$L7))) -> 0 | P7: =IF($A7="","",IF($F7<>"Y","n/a",WORKDAY(EDATE($B7,1)+$O7-1,1,Holidays))) -> 46195 | Q7: =IF($A7="","",$B7+$O7+InternalDays) -> 46177 | R7: N | T7: =IF(OR($A7="",$R7<>"Y"),"",IF($S7="","Missing",IF(AND($F7="Y",$S7<=$P7),"Y","Late"))) | U7: =IF($A7="","",IF($F7<>"Y",$Q7,IF(AND($R7="Y",$T7="Y"),WORKDAY(EDATE($B7,3)+$O7-1,1,Holidays),$P7))) -> 46195 | V7: Privacy Analyst | W7: Closed | X7: N | Y7: 46167 | Z7: =IF($A7="","",IF($Y7<>"",$Y7-$B7,ReportDate-$B7)) -> 5 | AA7: =IF(OR($A7="",$W7="Closed"),"",$U7-ReportDate) | AB7: =IF($A7="","",IF($W7="Closed",IF($Y7<=$U7,"Closed on time","Closed late"),IF($W7="Awaiting ID","Paused",IF($AA7<0,"Overdue",IF($AA7<=RedDays,"Red",IF($AA7<=AmberDays,"Amber","Green")))))) -> Closed on time | AC7: =IF(OR($A7="",$Y7=""),"",IF($Y7<=$U7,"Y","N")) -> Y | AD7: N | AF7: =IF($A7="","",IF(IF(OR($B7="",$C7="",$D7="",$V7="",$W7=""),"missing required field; ","")&IF(COUNTIF($A$2:$A$201,$A7)>1,"duplicate ID; ","")&IF(AND($B7<>"",$B7>ReportDate),"received after snapshot date; ","")&IF(AND($I7<>"",$B7<>"",$I7<$B7),"acknowledged before receipt; ","")&IF(AND($K7="Y",$L7="",$W7<>"Logged"),"ID requested date missing; ","")&IF(AND($L7<>"",$M7<>"",$M7<$L7),"ID dates out of order; ","")&IF(AND($K7<>"Y",OR($L7<>"",$W7="Awaiting ID")),"ID fields used but ID_Check_Needed is not Y; ","")&IF(AND($R7="Y",$S7=""),"extension notice date missing; ","")&IF(AND($R7<>"Y",$S7<>""),"notice date but Extended is not Y; ","")&IF(AND($W7="Closed",$Y7=""),"closed without response date; ","")&IF(AND($Y7<>"",$W7<>"Closed"),"response date but status not Closed; ","")&IF(AND($Y7<>"",$B7<>"",$Y7<$B7),"response before receipt; ","")&IF(AND($AD7="Y",$AE7=""),"exemption needs a reason in Notes; ","")="","OK","Check: "&IF(OR($B7="",$C7="",$D7="",$V7="",$W7=""),"missing required field; ","")&IF(COUNTIF($A$2:$A$201,$A7)>1,"duplicate ID; ","")&IF(AND($B7<>"",$B7>ReportDate),"received after snapshot date; ","")&IF(AND($I7<>"",$B7<>"",$I7<$B7),"acknowledged before receipt; ","")&IF(AND($K7="Y",$L7="",$W7<>"Logged"),"ID requested date missing; ","")&IF(AND($L7<>"",$M7<>"",$M7<$L7),"ID dates out of order; ","")&IF(AND($K7<>"Y",OR($L7<>"",$W7="Awaiting ID")),"ID fields used but ID_Check_Needed is not Y; ","")&IF(AND($R7="Y",$S7=""),"extension notice date missing; ","")&IF(AND($R7<>"Y",$S7<>""),"notice date but Extended is not Y; ","")&IF(AND($W7="Closed",$Y7=""),"closed without response date; ","")&IF(AND($Y7<>"",$W7<>"Closed"),"response date but status not Closed; ","")&IF(AND($Y7<>"",$B7<>"",$Y7<$B7),"response before receipt; ","")&IF(AND($AD7="Y",$AE7=""),"exemption needs a reason in Notes; ",""))) -> OK
A8: DSR-2026-007 | B8: 46167 | C8: Customer service | D8: General query | E8: =IF($A8="","",IFERROR(VLOOKUP($D8,ReqTypes,2,FALSE),"?")) -> n/a | F8: =IF($A8="","",IFERROR(VLOOKUP($D8,ReqTypes,3,FALSE),"?")) -> N | G8: Customer | H8: Customer Service | I8: 46168 | J8: =IF(OR($A8="",$I8=""),"",IF(NETWORKDAYS($B8,$I8,Holidays)-1<=AckDays,"Y","N")) -> Y | K8: N | N8: =IF(OR($A8="",$K8<>"Y"),"",IF($L8="","Pending",IF($L8-$B8<=IDPromptDays,"Y","Check"))) | O8: =IF($A8="","",IF(OR($K8<>"Y",$L8=""),0,IF($M8="",MAX(0,ReportDate-$L8),$M8-$L8))) -> 0 | P8: =IF($A8="","",IF($F8<>"Y","n/a",WORKDAY(EDATE($B8,1)+$O8-1,1,Holidays))) -> n/a | Q8: =IF($A8="","",$B8+$O8+InternalDays) -> 46182 | R8: N | T8: =IF(OR($A8="",$R8<>"Y"),"",IF($S8="","Missing",IF(AND($F8="Y",$S8<=$P8),"Y","Late"))) | U8: =IF($A8="","",IF($F8<>"Y",$Q8,IF(AND($R8="Y",$T8="Y"),WORKDAY(EDATE($B8,3)+$O8-1,1,Holidays),$P8))) -> 46182 | V8: Privacy Analyst | W8: Closed | X8: N | Y8: 46174 | Z8: =IF($A8="","",IF($Y8<>"",$Y8-$B8,ReportDate-$B8)) -> 7 | AA8: =IF(OR($A8="",$W8="Closed"),"",$U8-ReportDate) | AB8: =IF($A8="","",IF($W8="Closed",IF($Y8<=$U8,"Closed on time","Closed late"),IF($W8="Awaiting ID","Paused",IF($AA8<0,"Overdue",IF($AA8<=RedDays,"Red",IF($AA8<=AmberDays,"Amber","Green")))))) -> Closed on time | AC8: =IF(OR($A8="",$Y8=""),"",IF($Y8<=$U8,"Y","N")) -> Y | AD8: N | AE8: Not a statutory request: internal target only | AF8: =IF($A8="","",IF(IF(OR($B8="",$C8="",$D8="",$V8="",$W8=""),"missing required field; ","")&IF(COUNTIF($A$2:$A$201,$A8)>1,"duplicate ID; ","")&IF(AND($B8<>"",$B8>ReportDate),"received after snapshot date; ","")&IF(AND($I8<>"",$B8<>"",$I8<$B8),"acknowledged before receipt; ","")&IF(AND($K8="Y",$L8="",$W8<>"Logged"),"ID requested date missing; ","")&IF(AND($L8<>"",$M8<>"",$M8<$L8),"ID dates out of order; ","")&IF(AND($K8<>"Y",OR($L8<>"",$W8="Awaiting ID")),"ID fields used but ID_Check_Needed is not Y; ","")&IF(AND($R8="Y",$S8=""),"extension notice date missing; ","")&IF(AND($R8<>"Y",$S8<>""),"notice date but Extended is not Y; ","")&IF(AND($W8="Closed",$Y8=""),"closed without response date; ","")&IF(AND($Y8<>"",$W8<>"Closed"),"response date but status not Closed; ","")&IF(AND($Y8<>"",$B8<>"",$Y8<$B8),"response before receipt; ","")&IF(AND($AD8="Y",$AE8=""),"exemption needs a reason in Notes; ","")="","OK","Check: "&IF(OR($B8="",$C8="",$D8="",$V8="",$W8=""),"missing required field; ","")&IF(COUNTIF($A$2:$A$201,$A8)>1,"duplicate ID; ","")&IF(AND($B8<>"",$B8>ReportDate),"received after snapshot date; ","")&IF(AND($I8<>"",$B8<>"",$I8<$B8),"acknowledged before receipt; ","")&IF(AND($K8="Y",$L8="",$W8<>"Logged"),"ID requested date missing; ","")&IF(AND($L8<>"",$M8<>"",$M8<$L8),"ID dates out of order; ","")&IF(AND($K8<>"Y",OR($L8<>"",$W8="Awaiting ID")),"ID fields used but ID_Check_Needed is not Y; ","")&IF(AND($R8="Y",$S8=""),"extension notice date missing; ","")&IF(AND($R8<>"Y",$S8<>""),"notice date but Extended is not Y; ","")&IF(AND($W8="Closed",$Y8=""),"closed without response date; ","")&IF(AND($Y8<>"",$W8<>"Closed"),"response date but status not Closed; ","")&IF(AND($Y8<>"",$B8<>"",$Y8<$B8),"response before receipt; ","")&IF(AND($AD8="Y",$AE8=""),"exemption needs a reason in Notes; ",""))) -> OK
A9: DSR-2026-008 | B9: 46170 | C9: Privacy mailbox | D9: Access | E9: =IF($A9="","",IFERROR(VLOOKUP($D9,ReqTypes,2,FALSE),"?")) -> Art 15 | F9: =IF($A9="","",IFERROR(VLOOKUP($D9,ReqTypes,3,FALSE),"?")) -> Y | G9: Employee | H9: HR | I9: 46171 | J9: =IF(OR($A9="",$I9=""),"",IF(NETWORKDAYS($B9,$I9,Holidays)-1<=AckDays,"Y","N")) -> Y | K9: N | N9: =IF(OR($A9="",$K9<>"Y"),"",IF($L9="","Pending",IF($L9-$B9<=IDPromptDays,"Y","Check"))) | O9: =IF($A9="","",IF(OR($K9<>"Y",$L9=""),0,IF($M9="",MAX(0,ReportDate-$L9),$M9-$L9))) -> 0 | P9: =IF($A9="","",IF($F9<>"Y","n/a",WORKDAY(EDATE($B9,1)+$O9-1,1,Holidays))) -> 46202 | Q9: =IF($A9="","",$B9+$O9+InternalDays) -> 46185 | R9: N | T9: =IF(OR($A9="",$R9<>"Y"),"",IF($S9="","Missing",IF(AND($F9="Y",$S9<=$P9),"Y","Late"))) | U9: =IF($A9="","",IF($F9<>"Y",$Q9,IF(AND($R9="Y",$T9="Y"),WORKDAY(EDATE($B9,3)+$O9-1,1,Holidays),$P9))) -> 46202 | V9: HR | W9: Closed | X9: N | Y9: 46191 | Z9: =IF($A9="","",IF($Y9<>"",$Y9-$B9,ReportDate-$B9)) -> 21 | AA9: =IF(OR($A9="",$W9="Closed"),"",$U9-ReportDate) | AB9: =IF($A9="","",IF($W9="Closed",IF($Y9<=$U9,"Closed on time","Closed late"),IF($W9="Awaiting ID","Paused",IF($AA9<0,"Overdue",IF($AA9<=RedDays,"Red",IF($AA9<=AmberDays,"Amber","Green")))))) -> Closed on time | AC9: =IF(OR($A9="",$Y9=""),"",IF($Y9<=$U9,"Y","N")) -> Y | AD9: N | AF9: =IF($A9="","",IF(IF(OR($B9="",$C9="",$D9="",$V9="",$W9=""),"missing required field; ","")&IF(COUNTIF($A$2:$A$201,$A9)>1,"duplicate ID; ","")&IF(AND($B9<>"",$B9>ReportDate),"received after snapshot date; ","")&IF(AND($I9<>"",$B9<>"",$I9<$B9),"acknowledged before receipt; ","")&IF(AND($K9="Y",$L9="",$W9<>"Logged"),"ID requested date missing; ","")&IF(AND($L9<>"",$M9<>"",$M9<$L9),"ID dates out of order; ","")&IF(AND($K9<>"Y",OR($L9<>"",$W9="Awaiting ID")),"ID fields used but ID_Check_Needed is not Y; ","")&IF(AND($R9="Y",$S9=""),"extension notice date missing; ","")&IF(AND($R9<>"Y",$S9<>""),"notice date but Extended is not Y; ","")&IF(AND($W9="Closed",$Y9=""),"closed without response date; ","")&IF(AND($Y9<>"",$W9<>"Closed"),"response date but status not Closed; ","")&IF(AND($Y9<>"",$B9<>"",$Y9<$B9),"response before receipt; ","")&IF(AND($AD9="Y",$AE9=""),"exemption needs a reason in Notes; ","")="","OK","Check: "&IF(OR($B9="",$C9="",$D9="",$V9="",$W9=""),"missing required field; ","")&IF(COUNTIF($A$2:$A$201,$A9)>1,"duplicate ID; ","")&IF(AND($B9<>"",$B9>ReportDate),"received after snapshot date; ","")&IF(AND($I9<>"",$B9<>"",$I9<$B9),"acknowledged before receipt; ","")&IF(AND($K9="Y",$L9="",$W9<>"Logged"),"ID requested date missing; ","")&IF(AND($L9<>"",$M9<>"",$M9<$L9),"ID dates out of order; ","")&IF(AND($K9<>"Y",OR($L9<>"",$W9="Awaiting ID")),"ID fields used but ID_Check_Needed is not Y; ","")&IF(AND($R9="Y",$S9=""),"extension notice date missing; ","")&IF(AND($R9<>"Y",$S9<>""),"notice date but Extended is not Y; ","")&IF(AND($W9="Closed",$Y9=""),"closed without response date; ","")&IF(AND($Y9<>"",$W9<>"Closed"),"response date but status not Closed; ","")&IF(AND($Y9<>"",$B9<>"",$Y9<$B9),"response before receipt; ","")&IF(AND($AD9="Y",$AE9=""),"exemption needs a reason in Notes; ",""))) -> OK
A10: DSR-2026-009 | B10: 46175 | C10: Web form | D10: Erasure | E10: =IF($A10="","",IFERROR(VLOOKUP($D10,ReqTypes,2,FALSE),"?")) -> Art 17 | F10: =IF($A10="","",IFERROR(VLOOKUP($D10,ReqTypes,3,FALSE),"?")) -> Y | G10: Customer | H10: Online | I10: 46176 | J10: =IF(OR($A10="",$I10=""),"",IF(NETWORKDAYS($B10,$I10,Holidays)-1<=AckDays,"Y","N")) -> Y | K10: N | N10: =IF(OR($A10="",$K10<>"Y"),"",IF($L10="","Pending",IF($L10-$B10<=IDPromptDays,"Y","Check"))) | O10: =IF($A10="","",IF(OR($K10<>"Y",$L10=""),0,IF($M10="",MAX(0,ReportDate-$L10),$M10-$L10))) -> 0 | P10: =IF($A10="","",IF($F10<>"Y","n/a",WORKDAY(EDATE($B10,1)+$O10-1,1,Holidays))) -> 46205 | Q10: =IF($A10="","",$B10+$O10+InternalDays) -> 46190 | R10: N | T10: =IF(OR($A10="",$R10<>"Y"),"",IF($S10="","Missing",IF(AND($F10="Y",$S10<=$P10),"Y","Late"))) | U10: =IF($A10="","",IF($F10<>"Y",$Q10,IF(AND($R10="Y",$T10="Y"),WORKDAY(EDATE($B10,3)+$O10-1,1,Holidays),$P10))) -> 46205 | V10: IT | W10: Closed | X10: N | Y10: 46184 | Z10: =IF($A10="","",IF($Y10<>"",$Y10-$B10,ReportDate-$B10)) -> 9 | AA10: =IF(OR($A10="",$W10="Closed"),"",$U10-ReportDate) | AB10: =IF($A10="","",IF($W10="Closed",IF($Y10<=$U10,"Closed on time","Closed late"),IF($W10="Awaiting ID","Paused",IF($AA10<0,"Overdue",IF($AA10<=RedDays,"Red",IF($AA10<=AmberDays,"Amber","Green")))))) -> Closed on time | AC10: =IF(OR($A10="",$Y10=""),"",IF($Y10<=$U10,"Y","N")) -> Y | AD10: N | AF10: =IF($A10="","",IF(IF(OR($B10="",$C10="",$D10="",$V10="",$W10=""),"missing required field; ","")&IF(COUNTIF($A$2:$A$201,$A10)>1,"duplicate ID; ","")&IF(AND($B10<>"",$B10>ReportDate),"received after snapshot date; ","")&IF(AND($I10<>"",$B10<>"",$I10<$B10),"acknowledged before receipt; ","")&IF(AND($K10="Y",$L10="",$W10<>"Logged"),"ID requested date missing; ","")&IF(AND($L10<>"",$M10<>"",$M10<$L10),"ID dates out of order; ","")&IF(AND($K10<>"Y",OR($L10<>"",$W10="Awaiting ID")),"ID fields used but ID_Check_Needed is not Y; ","")&IF(AND($R10="Y",$S10=""),"extension notice date missing; ","")&IF(AND($R10<>"Y",$S10<>""),"notice date but Extended is not Y; ","")&IF(AND($W10="Closed",$Y10=""),"closed without response date; ","")&IF(AND($Y10<>"",$W10<>"Closed"),"response date but status not Closed; ","")&IF(AND($Y10<>"",$B10<>"",$Y10<$B10),"response before receipt; ","")&IF(AND($AD10="Y",$AE10=""),"exemption needs a reason in Notes; ","")="","OK","Check: "&IF(OR($B10="",$C10="",$D10="",$V10="",$W10=""),"missing required field; ","")&IF(COUNTIF($A$2:$A$201,$A10)>1,"duplicate ID; ","")&IF(AND($B10<>"",$B10>ReportDate),"received after snapshot date; ","")&IF(AND($I10<>"",$B10<>"",$I10<$B10),"acknowledged before receipt; ","")&IF(AND($K10="Y",$L10="",$W10<>"Logged"),"ID requested date missing; ","")&IF(AND($L10<>"",$M10<>"",$M10<$L10),"ID dates out of order; ","")&IF(AND($K10<>"Y",OR($L10<>"",$W10="Awaiting ID")),"ID fields used but ID_Check_Needed is not Y; ","")&IF(AND($R10="Y",$S10=""),"extension notice date missing; ","")&IF(AND($R10<>"Y",$S10<>""),"notice date but Extended is not Y; ","")&IF(AND($W10="Closed",$Y10=""),"closed without response date; ","")&IF(AND($Y10<>"",$W10<>"Closed"),"response date but status not Closed; ","")&IF(AND($Y10<>"",$B10<>"",$Y10<$B10),"response before receipt; ","")&IF(AND($AD10="Y",$AE10=""),"exemption needs a reason in Notes; ",""))) -> OK
A11: DSR-2026-010 | B11: 46178 | C11: Privacy mailbox | D11: Objection - direct marketing | E11: =IF($A11="","",IFERROR(VLOOKUP($D11,ReqTypes,2,FALSE),"?")) -> Art 21(2) | F11: =IF($A11="","",IFERROR(VLOOKUP($D11,ReqTypes,3,FALSE),"?")) -> Y | G11: Customer | H11: Loyalty & Marketing | I11: 46183 | J11: =IF(OR($A11="",$I11=""),"",IF(NETWORKDAYS($B11,$I11,Holidays)-1<=AckDays,"Y","N")) -> N | K11: N | N11: =IF(OR($A11="",$K11<>"Y"),"",IF($L11="","Pending",IF($L11-$B11<=IDPromptDays,"Y","Check"))) | O11: =IF($A11="","",IF(OR($K11<>"Y",$L11=""),0,IF($M11="",MAX(0,ReportDate-$L11),$M11-$L11))) -> 0 | P11: =IF($A11="","",IF($F11<>"Y","n/a",WORKDAY(EDATE($B11,1)+$O11-1,1,Holidays))) -> 46209 | Q11: =IF($A11="","",$B11+$O11+InternalDays) -> 46193 | R11: N | T11: =IF(OR($A11="",$R11<>"Y"),"",IF($S11="","Missing",IF(AND($F11="Y",$S11<=$P11),"Y","Late"))) | U11: =IF($A11="","",IF($F11<>"Y",$Q11,IF(AND($R11="Y",$T11="Y"),WORKDAY(EDATE($B11,3)+$O11-1,1,Holidays),$P11))) -> 46209 | V11: Marketing | W11: Closed | X11: N | Y11: 46184 | Z11: =IF($A11="","",IF($Y11<>"",$Y11-$B11,ReportDate-$B11)) -> 6 | AA11: =IF(OR($A11="",$W11="Closed"),"",$U11-ReportDate) | AB11: =IF($A11="","",IF($W11="Closed",IF($Y11<=$U11,"Closed on time","Closed late"),IF($W11="Awaiting ID","Paused",IF($AA11<0,"Overdue",IF($AA11<=RedDays,"Red",IF($AA11<=AmberDays,"Amber","Green")))))) -> Closed on time | AC11: =IF(OR($A11="",$Y11=""),"",IF($Y11<=$U11,"Y","N")) -> Y | AD11: N | AE11: Acknowledgement missed the internal 2-working-day target | AF11: =IF($A11="","",IF(IF(OR($B11="",$C11="",$D11="",$V11="",$W11=""),"missing required field; ","")&IF(COUNTIF($A$2:$A$201,$A11)>1,"duplicate ID; ","")&IF(AND($B11<>"",$B11>ReportDate),"received after snapshot date; ","")&IF(AND($I11<>"",$B11<>"",$I11<$B11),"acknowledged before receipt; ","")&IF(AND($K11="Y",$L11="",$W11<>"Logged"),"ID requested date missing; ","")&IF(AND($L11<>"",$M11<>"",$M11<$L11),"ID dates out of order; ","")&IF(AND($K11<>"Y",OR($L11<>"",$W11="Awaiting ID")),"ID fields used but ID_Check_Needed is not Y; ","")&IF(AND($R11="Y",$S11=""),"extension notice date missing; ","")&IF(AND($R11<>"Y",$S11<>""),"notice date but Extended is not Y; ","")&IF(AND($W11="Closed",$Y11=""),"closed without response date; ","")&IF(AND($Y11<>"",$W11<>"Closed"),"response date but status not Closed; ","")&IF(AND($Y11<>"",$B11<>"",$Y11<$B11),"response before receipt; ","")&IF(AND($AD11="Y",$AE11=""),"exemption needs a reason in Notes; ","")="","OK","Check: "&IF(OR($B11="",$C11="",$D11="",$V11="",$W11=""),"missing required field; ","")&IF(COUNTIF($A$2:$A$201,$A11)>1,"duplicate ID; ","")&IF(AND($B11<>"",$B11>ReportDate),"received after snapshot date; ","")&IF(AND($I11<>"",$B11<>"",$I11<$B11),"acknowledged before receipt; ","")&IF(AND($K11="Y",$L11="",$W11<>"Logged"),"ID requested date missing; ","")&IF(AND($L11<>"",$M11<>"",$M11<$L11),"ID dates out of order; ","")&IF(AND($K11<>"Y",OR($L11<>"",$W11="Awaiting ID")),"ID fields used but ID_Check_Needed is not Y; ","")&IF(AND($R11="Y",$S11=""),"extension notice date missing; ","")&IF(AND($R11<>"Y",$S11<>""),"notice date but Extended is not Y; ","")&IF(AND($W11="Closed",$Y11=""),"closed without response date; ","")&IF(AND($Y11<>"",$W11<>"Closed"),"response date but status not Closed; ","")&IF(AND($Y11<>"",$B11<>"",$Y11<$B11),"response before receipt; ","")&IF(AND($AD11="Y",$AE11=""),"exemption needs a reason in Notes; ",""))) -> OK
A12: DSR-2026-011 | B12: 46183 | C12: Post | D12: Access | E12: =IF($A12="","",IFERROR(VLOOKUP($D12,ReqTypes,2,FALSE),"?")) -> Art 15 | F12: =IF($A12="","",IFERROR(VLOOKUP($D12,ReqTypes,3,FALSE),"?")) -> Y | G12: Customer | H12: Stores | I12: 46185 | J12: =IF(OR($A12="",$I12=""),"",IF(NETWORKDAYS($B12,$I12,Holidays)-1<=AckDays,"Y","N")) -> Y | K12: Y | L12: 46189 | M12: 46195 | N12: =IF(OR($A12="",$K12<>"Y"),"",IF($L12="","Pending",IF($L12-$B12<=IDPromptDays,"Y","Check"))) -> Check | O12: =IF($A12="","",IF(OR($K12<>"Y",$L12=""),0,IF($M12="",MAX(0,ReportDate-$L12),$M12-$L12))) -> 6 | P12: =IF($A12="","",IF($F12<>"Y","n/a",WORKDAY(EDATE($B12,1)+$O12-1,1,Holidays))) -> 46219 | Q12: =IF($A12="","",$B12+$O12+InternalDays) -> 46204 | R12: N | T12: =IF(OR($A12="",$R12<>"Y"),"",IF($S12="","Missing",IF(AND($F12="Y",$S12<=$P12),"Y","Late"))) | U12: =IF($A12="","",IF($F12<>"Y",$Q12,IF(AND($R12="Y",$T12="Y"),WORKDAY(EDATE($B12,3)+$O12-1,1,Holidays),$P12))) -> 46219 | V12: Privacy Analyst | W12: Closed | X12: N | Y12: 46216 | Z12: =IF($A12="","",IF($Y12<>"",$Y12-$B12,ReportDate-$B12)) -> 33 | AA12: =IF(OR($A12="",$W12="Closed"),"",$U12-ReportDate) | AB12: =IF($A12="","",IF($W12="Closed",IF($Y12<=$U12,"Closed on time","Closed late"),IF($W12="Awaiting ID","Paused",IF($AA12<0,"Overdue",IF($AA12<=RedDays,"Red",IF($AA12<=AmberDays,"Amber","Green")))))) -> Closed on time | AC12: =IF(OR($A12="",$Y12=""),"",IF($Y12<=$U12,"Y","N")) -> Y | AD12: N | AE12: ID requested 6 days after receipt: pause may not be defensible. Reviewed by Privacy Manager | AF12: =IF($A12="","",IF(IF(OR($B12="",$C12="",$D12="",$V12="",$W12=""),"missing required field; ","")&IF(COUNTIF($A$2:$A$201,$A12)>1,"duplicate ID; ","")&IF(AND($B12<>"",$B12>ReportDate),"received after snapshot date; ","")&IF(AND($I12<>"",$B12<>"",$I12<$B12),"acknowledged before receipt; ","")&IF(AND($K12="Y",$L12="",$W12<>"Logged"),"ID requested date missing; ","")&IF(AND($L12<>"",$M12<>"",$M12<$L12),"ID dates out of order; ","")&IF(AND($K12<>"Y",OR($L12<>"",$W12="Awaiting ID")),"ID fields used but ID_Check_Needed is not Y; ","")&IF(AND($R12="Y",$S12=""),"extension notice date missing; ","")&IF(AND($R12<>"Y",$S12<>""),"notice date but Extended is not Y; ","")&IF(AND($W12="Closed",$Y12=""),"closed without response date; ","")&IF(AND($Y12<>"",$W12<>"Closed"),"response date but status not Closed; ","")&IF(AND($Y12<>"",$B12<>"",$Y12<$B12),"response before receipt; ","")&IF(AND($AD12="Y",$AE12=""),"exemption needs a reason in Notes; ","")="","OK","Check: "&IF(OR($B12="",$C12="",$D12="",$V12="",$W12=""),"missing required field; ","")&IF(COUNTIF($A$2:$A$201,$A12)>1,"duplicate ID; ","")&IF(AND($B12<>"",$B12>ReportDate),"received after snapshot date; ","")&IF(AND($I12<>"",$B12<>"",$I12<$B12),"acknowledged before receipt; ","")&IF(AND($K12="Y",$L12="",$W12<>"Logged"),"ID requested date missing; ","")&IF(AND($L12<>"",$M12<>"",$M12<$L12),"ID dates out of order; ","")&IF(AND($K12<>"Y",OR($L12<>"",$W12="Awaiting ID")),"ID fields used but ID_Check_Needed is not Y; ","")&IF(AND($R12="Y",$S12=""),"extension notice date missing; ","")&IF(AND($R12<>"Y",$S12<>""),"notice date but Extended is not Y; ","")&IF(AND($W12="Closed",$Y12=""),"closed without response date; ","")&IF(AND($Y12<>"",$W12<>"Closed"),"response date but status not Closed; ","")&IF(AND($Y12<>"",$B12<>"",$Y12<$B12),"response before receipt; ","")&IF(AND($AD12="Y",$AE12=""),"exemption needs a reason in Notes; ",""))) -> OK
A13: DSR-2026-012 | B13: 46188 | C13: Privacy mailbox | D13: Portability | E13: =IF($A13="","",IFERROR(VLOOKUP($D13,ReqTypes,2,FALSE),"?")) -> Art 20 | F13: =IF($A13="","",IFERROR(VLOOKUP($D13,ReqTypes,3,FALSE),"?")) -> Y | G13: Customer | H13: Online | I13: 46189 | J13: =IF(OR($A13="",$I13=""),"",IF(NETWORKDAYS($B13,$I13,Holidays)-1<=AckDays,"Y","N")) -> Y | K13: N | N13: =IF(OR($A13="",$K13<>"Y"),"",IF($L13="","Pending",IF($L13-$B13<=IDPromptDays,"Y","Check"))) | O13: =IF($A13="","",IF(OR($K13<>"Y",$L13=""),0,IF($M13="",MAX(0,ReportDate-$L13),$M13-$L13))) -> 0 | P13: =IF($A13="","",IF($F13<>"Y","n/a",WORKDAY(EDATE($B13,1)+$O13-1,1,Holidays))) -> 46218 | Q13: =IF($A13="","",$B13+$O13+InternalDays) -> 46203 | R13: N | T13: =IF(OR($A13="",$R13<>"Y"),"",IF($S13="","Missing",IF(AND($F13="Y",$S13<=$P13),"Y","Late"))) | U13: =IF($A13="","",IF($F13<>"Y",$Q13,IF(AND($R13="Y",$T13="Y"),WORKDAY(EDATE($B13,3)+$O13-1,1,Holidays),$P13))) -> 46218 | V13: IT | W13: Closed | X13: N | Y13: 46202 | Z13: =IF($A13="","",IF($Y13<>"",$Y13-$B13,ReportDate-$B13)) -> 14 | AA13: =IF(OR($A13="",$W13="Closed"),"",$U13-ReportDate) | AB13: =IF($A13="","",IF($W13="Closed",IF($Y13<=$U13,"Closed on time","Closed late"),IF($W13="Awaiting ID","Paused",IF($AA13<0,"Overdue",IF($AA13<=RedDays,"Red",IF($AA13<=AmberDays,"Amber","Green")))))) -> Closed on time | AC13: =IF(OR($A13="",$Y13=""),"",IF($Y13<=$U13,"Y","N")) -> Y | AD13: N | AF13: =IF($A13="","",IF(IF(OR($B13="",$C13="",$D13="",$V13="",$W13=""),"missing required field; ","")&IF(COUNTIF($A$2:$A$201,$A13)>1,"duplicate ID; ","")&IF(AND($B13<>"",$B13>ReportDate),"received after snapshot date; ","")&IF(AND($I13<>"",$B13<>"",$I13<$B13),"acknowledged before receipt; ","")&IF(AND($K13="Y",$L13="",$W13<>"Logged"),"ID requested date missing; ","")&IF(AND($L13<>"",$M13<>"",$M13<$L13),"ID dates out of order; ","")&IF(AND($K13<>"Y",OR($L13<>"",$W13="Awaiting ID")),"ID fields used but ID_Check_Needed is not Y; ","")&IF(AND($R13="Y",$S13=""),"extension notice date missing; ","")&IF(AND($R13<>"Y",$S13<>""),"notice date but Extended is not Y; ","")&IF(AND($W13="Closed",$Y13=""),"closed without response date; ","")&IF(AND($Y13<>"",$W13<>"Closed"),"response date but status not Closed; ","")&IF(AND($Y13<>"",$B13<>"",$Y13<$B13),"response before receipt; ","")&IF(AND($AD13="Y",$AE13=""),"exemption needs a reason in Notes; ","")="","OK","Check: "&IF(OR($B13="",$C13="",$D13="",$V13="",$W13=""),"missing required field; ","")&IF(COUNTIF($A$2:$A$201,$A13)>1,"duplicate ID; ","")&IF(AND($B13<>"",$B13>ReportDate),"received after snapshot date; ","")&IF(AND($I13<>"",$B13<>"",$I13<$B13),"acknowledged before receipt; ","")&IF(AND($K13="Y",$L13="",$W13<>"Logged"),"ID requested date missing; ","")&IF(AND($L13<>"",$M13<>"",$M13<$L13),"ID dates out of order; ","")&IF(AND($K13<>"Y",OR($L13<>"",$W13="Awaiting ID")),"ID fields used but ID_Check_Needed is not Y; ","")&IF(AND($R13="Y",$S13=""),"extension notice date missing; ","")&IF(AND($R13<>"Y",$S13<>""),"notice date but Extended is not Y; ","")&IF(AND($W13="Closed",$Y13=""),"closed without response date; ","")&IF(AND($Y13<>"",$W13<>"Closed"),"response date but status not Closed; ","")&IF(AND($Y13<>"",$B13<>"",$Y13<$B13),"response before receipt; ","")&IF(AND($AD13="Y",$AE13=""),"exemption needs a reason in Notes; ",""))) -> OK
A14: DSR-2026-013 | B14: 46191 | C14: Web form | D14: Access | E14: =IF($A14="","",IFERROR(VLOOKUP($D14,ReqTypes,2,FALSE),"?")) -> Art 15 | F14: =IF($A14="","",IFERROR(VLOOKUP($D14,ReqTypes,3,FALSE),"?")) -> Y | G14: Customer | H14: Loyalty & Marketing | I14: 46192 | J14: =IF(OR($A14="",$I14=""),"",IF(NETWORKDAYS($B14,$I14,Holidays)-1<=AckDays,"Y","N")) -> Y | K14: N | N14: =IF(OR($A14="",$K14<>"Y"),"",IF($L14="","Pending",IF($L14-$B14<=IDPromptDays,"Y","Check"))) | O14: =IF($A14="","",IF(OR($K14<>"Y",$L14=""),0,IF($M14="",MAX(0,ReportDate-$L14),$M14-$L14))) -> 0 | P14: =IF($A14="","",IF($F14<>"Y","n/a",WORKDAY(EDATE($B14,1)+$O14-1,1,Holidays))) -> 46223 | Q14: =IF($A14="","",$B14+$O14+InternalDays) -> 46206 | R14: N | T14: =IF(OR($A14="",$R14<>"Y"),"",IF($S14="","Missing",IF(AND($F14="Y",$S14<=$P14),"Y","Late"))) | U14: =IF($A14="","",IF($F14<>"Y",$Q14,IF(AND($R14="Y",$T14="Y"),WORKDAY(EDATE($B14,3)+$O14-1,1,Holidays),$P14))) -> 46223 | V14: Privacy Analyst | W14: Closed | X14: N | Y14: 46209 | Z14: =IF($A14="","",IF($Y14<>"",$Y14-$B14,ReportDate-$B14)) -> 18 | AA14: =IF(OR($A14="",$W14="Closed"),"",$U14-ReportDate) | AB14: =IF($A14="","",IF($W14="Closed",IF($Y14<=$U14,"Closed on time","Closed late"),IF($W14="Awaiting ID","Paused",IF($AA14<0,"Overdue",IF($AA14<=RedDays,"Red",IF($AA14<=AmberDays,"Amber","Green")))))) -> Closed on time | AC14: =IF(OR($A14="",$Y14=""),"",IF($Y14<=$U14,"Y","N")) -> Y | AD14: N | AF14: =IF($A14="","",IF(IF(OR($B14="",$C14="",$D14="",$V14="",$W14=""),"missing required field; ","")&IF(COUNTIF($A$2:$A$201,$A14)>1,"duplicate ID; ","")&IF(AND($B14<>"",$B14>ReportDate),"received after snapshot date; ","")&IF(AND($I14<>"",$B14<>"",$I14<$B14),"acknowledged before receipt; ","")&IF(AND($K14="Y",$L14="",$W14<>"Logged"),"ID requested date missing; ","")&IF(AND($L14<>"",$M14<>"",$M14<$L14),"ID dates out of order; ","")&IF(AND($K14<>"Y",OR($L14<>"",$W14="Awaiting ID")),"ID fields used but ID_Check_Needed is not Y; ","")&IF(AND($R14="Y",$S14=""),"extension notice date missing; ","")&IF(AND($R14<>"Y",$S14<>""),"notice date but Extended is not Y; ","")&IF(AND($W14="Closed",$Y14=""),"closed without response date; ","")&IF(AND($Y14<>"",$W14<>"Closed"),"response date but status not Closed; ","")&IF(AND($Y14<>"",$B14<>"",$Y14<$B14),"response before receipt; ","")&IF(AND($AD14="Y",$AE14=""),"exemption needs a reason in Notes; ","")="","OK","Check: "&IF(OR($B14="",$C14="",$D14="",$V14="",$W14=""),"missing required field; ","")&IF(COUNTIF($A$2:$A$201,$A14)>1,"duplicate ID; ","")&IF(AND($B14<>"",$B14>ReportDate),"received after snapshot date; ","")&IF(AND($I14<>"",$B14<>"",$I14<$B14),"acknowledged before receipt; ","")&IF(AND($K14="Y",$L14="",$W14<>"Logged"),"ID requested date missing; ","")&IF(AND($L14<>"",$M14<>"",$M14<$L14),"ID dates out of order; ","")&IF(AND($K14<>"Y",OR($L14<>"",$W14="Awaiting ID")),"ID fields used but ID_Check_Needed is not Y; ","")&IF(AND($R14="Y",$S14=""),"extension notice date missing; ","")&IF(AND($R14<>"Y",$S14<>""),"notice date but Extended is not Y; ","")&IF(AND($W14="Closed",$Y14=""),"closed without response date; ","")&IF(AND($Y14<>"",$W14<>"Closed"),"response date but status not Closed; ","")&IF(AND($Y14<>"",$B14<>"",$Y14<$B14),"response before receipt; ","")&IF(AND($AD14="Y",$AE14=""),"exemption needs a reason in Notes; ",""))) -> OK
A15: DSR-2026-014 | B15: 46197 | C15: Privacy mailbox | D15: Complaint | E15: =IF($A15="","",IFERROR(VLOOKUP($D15,ReqTypes,2,FALSE),"?")) -> n/a | F15: =IF($A15="","",IFERROR(VLOOKUP($D15,ReqTypes,3,FALSE),"?")) -> N | G15: Customer | H15: Customer Service | I15: 46198 | J15: =IF(OR($A15="",$I15=""),"",IF(NETWORKDAYS($B15,$I15,Holidays)-1<=AckDays,"Y","N")) -> Y | K15: N | N15: =IF(OR($A15="",$K15<>"Y"),"",IF($L15="","Pending",IF($L15-$B15<=IDPromptDays,"Y","Check"))) | O15: =IF($A15="","",IF(OR($K15<>"Y",$L15=""),0,IF($M15="",MAX(0,ReportDate-$L15),$M15-$L15))) -> 0 | P15: =IF($A15="","",IF($F15<>"Y","n/a",WORKDAY(EDATE($B15,1)+$O15-1,1,Holidays))) -> n/a | Q15: =IF($A15="","",$B15+$O15+InternalDays) -> 46212 | R15: N | T15: =IF(OR($A15="",$R15<>"Y"),"",IF($S15="","Missing",IF(AND($F15="Y",$S15<=$P15),"Y","Late"))) | U15: =IF($A15="","",IF($F15<>"Y",$Q15,IF(AND($R15="Y",$T15="Y"),WORKDAY(EDATE($B15,3)+$O15-1,1,Holidays),$P15))) -> 46212 | V15: Privacy Manager | W15: Closed | X15: N | Y15: 46209 | Z15: =IF($A15="","",IF($Y15<>"",$Y15-$B15,ReportDate-$B15)) -> 12 | AA15: =IF(OR($A15="",$W15="Closed"),"",$U15-ReportDate) | AB15: =IF($A15="","",IF($W15="Closed",IF($Y15<=$U15,"Closed on time","Closed late"),IF($W15="Awaiting ID","Paused",IF($AA15<0,"Overdue",IF($AA15<=RedDays,"Red",IF($AA15<=AmberDays,"Amber","Green")))))) -> Closed on time | AC15: =IF(OR($A15="",$Y15=""),"",IF($Y15<=$U15,"Y","N")) -> Y | AD15: N | AE15: Complaint about marketing frequency; not a statutory request | AF15: =IF($A15="","",IF(IF(OR($B15="",$C15="",$D15="",$V15="",$W15=""),"missing required field; ","")&IF(COUNTIF($A$2:$A$201,$A15)>1,"duplicate ID; ","")&IF(AND($B15<>"",$B15>ReportDate),"received after snapshot date; ","")&IF(AND($I15<>"",$B15<>"",$I15<$B15),"acknowledged before receipt; ","")&IF(AND($K15="Y",$L15="",$W15<>"Logged"),"ID requested date missing; ","")&IF(AND($L15<>"",$M15<>"",$M15<$L15),"ID dates out of order; ","")&IF(AND($K15<>"Y",OR($L15<>"",$W15="Awaiting ID")),"ID fields used but ID_Check_Needed is not Y; ","")&IF(AND($R15="Y",$S15=""),"extension notice date missing; ","")&IF(AND($R15<>"Y",$S15<>""),"notice date but Extended is not Y; ","")&IF(AND($W15="Closed",$Y15=""),"closed without response date; ","")&IF(AND($Y15<>"",$W15<>"Closed"),"response date but status not Closed; ","")&IF(AND($Y15<>"",$B15<>"",$Y15<$B15),"response before receipt; ","")&IF(AND($AD15="Y",$AE15=""),"exemption needs a reason in Notes; ","")="","OK","Check: "&IF(OR($B15="",$C15="",$D15="",$V15="",$W15=""),"missing required field; ","")&IF(COUNTIF($A$2:$A$201,$A15)>1,"duplicate ID; ","")&IF(AND($B15<>"",$B15>ReportDate),"received after snapshot date; ","")&IF(AND($I15<>"",$B15<>"",$I15<$B15),"acknowledged before receipt; ","")&IF(AND($K15="Y",$L15="",$W15<>"Logged"),"ID requested date missing; ","")&IF(AND($L15<>"",$M15<>"",$M15<$L15),"ID dates out of order; ","")&IF(AND($K15<>"Y",OR($L15<>"",$W15="Awaiting ID")),"ID fields used but ID_Check_Needed is not Y; ","")&IF(AND($R15="Y",$S15=""),"extension notice date missing; ","")&IF(AND($R15<>"Y",$S15<>""),"notice date but Extended is not Y; ","")&IF(AND($W15="Closed",$Y15=""),"closed without response date; ","")&IF(AND($Y15<>"",$W15<>"Closed"),"response date but status not Closed; ","")&IF(AND($Y15<>"",$B15<>"",$Y15<$B15),"response before receipt; ","")&IF(AND($AD15="Y",$AE15=""),"exemption needs a reason in Notes; ",""))) -> OK
A16: DSR-2026-015 | B16: 46202 | C16: Privacy mailbox | D16: Access | E16: =IF($A16="","",IFERROR(VLOOKUP($D16,ReqTypes,2,FALSE),"?")) -> Art 15 | F16: =IF($A16="","",IFERROR(VLOOKUP($D16,ReqTypes,3,FALSE),"?")) -> Y | G16: Former employee | H16: HR | I16: 46203 | J16: =IF(OR($A16="",$I16=""),"",IF(NETWORKDAYS($B16,$I16,Holidays)-1<=AckDays,"Y","N")) -> Y | K16: Y | L16: 46203 | M16: 46206 | N16: =IF(OR($A16="",$K16<>"Y"),"",IF($L16="","Pending",IF($L16-$B16<=IDPromptDays,"Y","Check"))) -> Y | O16: =IF($A16="","",IF(OR($K16<>"Y",$L16=""),0,IF($M16="",MAX(0,ReportDate-$L16),$M16-$L16))) -> 3 | P16: =IF($A16="","",IF($F16<>"Y","n/a",WORKDAY(EDATE($B16,1)+$O16-1,1,Holidays))) -> 46238 | Q16: =IF($A16="","",$B16+$O16+InternalDays) -> 46220 | R16: Y | S16: 46222 | T16: =IF(OR($A16="",$R16<>"Y"),"",IF($S16="","Missing",IF(AND($F16="Y",$S16<=$P16),"Y","Late"))) -> Y | U16: =IF($A16="","",IF($F16<>"Y",$Q16,IF(AND($R16="Y",$T16="Y"),WORKDAY(EDATE($B16,3)+$O16-1,1,Holidays),$P16))) -> 46297 | V16: HR | W16: Closed | X16: Y | Y16: 46272 | Z16: =IF($A16="","",IF($Y16<>"",$Y16-$B16,ReportDate-$B16)) -> 70 | AA16: =IF(OR($A16="",$W16="Closed"),"",$U16-ReportDate) | AB16: =IF($A16="","",IF($W16="Closed",IF($Y16<=$U16,"Closed on time","Closed late"),IF($W16="Awaiting ID","Paused",IF($AA16<0,"Overdue",IF($AA16<=RedDays,"Red",IF($AA16<=AmberDays,"Amber","Green")))))) -> Closed on time | AC16: =IF(OR($A16="",$Y16=""),"",IF($Y16<=$U16,"Y","N")) -> Y | AD16: Y | AE16: Complex: 4 years of emails. Extension notified with reasons. Legal privilege withheld, schedule RS-015 | AF16: =IF($A16="","",IF(IF(OR($B16="",$C16="",$D16="",$V16="",$W16=""),"missing required field; ","")&IF(COUNTIF($A$2:$A$201,$A16)>1,"duplicate ID; ","")&IF(AND($B16<>"",$B16>ReportDate),"received after snapshot date; ","")&IF(AND($I16<>"",$B16<>"",$I16<$B16),"acknowledged before receipt; ","")&IF(AND($K16="Y",$L16="",$W16<>"Logged"),"ID requested date missing; ","")&IF(AND($L16<>"",$M16<>"",$M16<$L16),"ID dates out of order; ","")&IF(AND($K16<>"Y",OR($L16<>"",$W16="Awaiting ID")),"ID fields used but ID_Check_Needed is not Y; ","")&IF(AND($R16="Y",$S16=""),"extension notice date missing; ","")&IF(AND($R16<>"Y",$S16<>""),"notice date but Extended is not Y; ","")&IF(AND($W16="Closed",$Y16=""),"closed without response date; ","")&IF(AND($Y16<>"",$W16<>"Closed"),"response date but status not Closed; ","")&IF(AND($Y16<>"",$B16<>"",$Y16<$B16),"response before receipt; ","")&IF(AND($AD16="Y",$AE16=""),"exemption needs a reason in Notes; ","")="","OK","Check: "&IF(OR($B16="",$C16="",$D16="",$V16="",$W16=""),"missing required field; ","")&IF(COUNTIF($A$2:$A$201,$A16)>1,"duplicate ID; ","")&IF(AND($B16<>"",$B16>ReportDate),"received after snapshot date; ","")&IF(AND($I16<>"",$B16<>"",$I16<$B16),"acknowledged before receipt; ","")&IF(AND($K16="Y",$L16="",$W16<>"Logged"),"ID requested date missing; ","")&IF(AND($L16<>"",$M16<>"",$M16<$L16),"ID dates out of order; ","")&IF(AND($K16<>"Y",OR($L16<>"",$W16="Awaiting ID")),"ID fields used but ID_Check_Needed is not Y; ","")&IF(AND($R16="Y",$S16=""),"extension notice date missing; ","")&IF(AND($R16<>"Y",$S16<>""),"notice date but Extended is not Y; ","")&IF(AND($W16="Closed",$Y16=""),"closed without response date; ","")&IF(AND($Y16<>"",$W16<>"Closed"),"response date but status not Closed; ","")&IF(AND($Y16<>"",$B16<>"",$Y16<$B16),"response before receipt; ","")&IF(AND($AD16="Y",$AE16=""),"exemption needs a reason in Notes; ",""))) -> OK
A17: DSR-2026-016 | B17: 46205 | C17: Web form | D17: Erasure | E17: =IF($A17="","",IFERROR(VLOOKUP($D17,ReqTypes,2,FALSE),"?")) -> Art 17 | F17: =IF($A17="","",IFERROR(VLOOKUP($D17,ReqTypes,3,FALSE),"?")) -> Y | G17: Customer | H17: Online | I17: 46206 | J17: =IF(OR($A17="",$I17=""),"",IF(NETWORKDAYS($B17,$I17,Holidays)-1<=AckDays,"Y","N")) -> Y | K17: N | N17: =IF(OR($A17="",$K17<>"Y"),"",IF($L17="","Pending",IF($L17-$B17<=IDPromptDays,"Y","Check"))) | O17: =IF($A17="","",IF(OR($K17<>"Y",$L17=""),0,IF($M17="",MAX(0,ReportDate-$L17),$M17-$L17))) -> 0 | P17: =IF($A17="","",IF($F17<>"Y","n/a",WORKDAY(EDATE($B17,1)+$O17-1,1,Holidays))) -> 46238 | Q17: =IF($A17="","",$B17+$O17+InternalDays) -> 46220 | R17: N | T17: =IF(OR($A17="",$R17<>"Y"),"",IF($S17="","Missing",IF(AND($F17="Y",$S17<=$P17),"Y","Late"))) | U17: =IF($A17="","",IF($F17<>"Y",$Q17,IF(AND($R17="Y",$T17="Y"),WORKDAY(EDATE($B17,3)+$O17-1,1,Holidays),$P17))) -> 46238 | V17: IT | W17: Closed | X17: N | Y17: 46213 | Z17: =IF($A17="","",IF($Y17<>"",$Y17-$B17,ReportDate-$B17)) -> 8 | AA17: =IF(OR($A17="",$W17="Closed"),"",$U17-ReportDate) | AB17: =IF($A17="","",IF($W17="Closed",IF($Y17<=$U17,"Closed on time","Closed late"),IF($W17="Awaiting ID","Paused",IF($AA17<0,"Overdue",IF($AA17<=RedDays,"Red",IF($AA17<=AmberDays,"Amber","Green")))))) -> Closed on time | AC17: =IF(OR($A17="",$Y17=""),"",IF($Y17<=$U17,"Y","N")) -> Y | AD17: N | AF17: =IF($A17="","",IF(IF(OR($B17="",$C17="",$D17="",$V17="",$W17=""),"missing required field; ","")&IF(COUNTIF($A$2:$A$201,$A17)>1,"duplicate ID; ","")&IF(AND($B17<>"",$B17>ReportDate),"received after snapshot date; ","")&IF(AND($I17<>"",$B17<>"",$I17<$B17),"acknowledged before receipt; ","")&IF(AND($K17="Y",$L17="",$W17<>"Logged"),"ID requested date missing; ","")&IF(AND($L17<>"",$M17<>"",$M17<$L17),"ID dates out of order; ","")&IF(AND($K17<>"Y",OR($L17<>"",$W17="Awaiting ID")),"ID fields used but ID_Check_Needed is not Y; ","")&IF(AND($R17="Y",$S17=""),"extension notice date missing; ","")&IF(AND($R17<>"Y",$S17<>""),"notice date but Extended is not Y; ","")&IF(AND($W17="Closed",$Y17=""),"closed without response date; ","")&IF(AND($Y17<>"",$W17<>"Closed"),"response date but status not Closed; ","")&IF(AND($Y17<>"",$B17<>"",$Y17<$B17),"response before receipt; ","")&IF(AND($AD17="Y",$AE17=""),"exemption needs a reason in Notes; ","")="","OK","Check: "&IF(OR($B17="",$C17="",$D17="",$V17="",$W17=""),"missing required field; ","")&IF(COUNTIF($A$2:$A$201,$A17)>1,"duplicate ID; ","")&IF(AND($B17<>"",$B17>ReportDate),"received after snapshot date; ","")&IF(AND($I17<>"",$B17<>"",$I17<$B17),"acknowledged before receipt; ","")&IF(AND($K17="Y",$L17="",$W17<>"Logged"),"ID requested date missing; ","")&IF(AND($L17<>"",$M17<>"",$M17<$L17),"ID dates out of order; ","")&IF(AND($K17<>"Y",OR($L17<>"",$W17="Awaiting ID")),"ID fields used but ID_Check_Needed is not Y; ","")&IF(AND($R17="Y",$S17=""),"extension notice date missing; ","")&IF(AND($R17<>"Y",$S17<>""),"notice date but Extended is not Y; ","")&IF(AND($W17="Closed",$Y17=""),"closed without response date; ","")&IF(AND($Y17<>"",$W17<>"Closed"),"response date but status not Closed; ","")&IF(AND($Y17<>"",$B17<>"",$Y17<$B17),"response before receipt; ","")&IF(AND($AD17="Y",$AE17=""),"exemption needs a reason in Notes; ",""))) -> OK
A18: DSR-2026-017 | B18: 46210 | C18: Privacy mailbox | D18: Objection - direct marketing | E18: =IF($A18="","",IFERROR(VLOOKUP($D18,ReqTypes,2,FALSE),"?")) -> Art 21(2) | F18: =IF($A18="","",IFERROR(VLOOKUP($D18,ReqTypes,3,FALSE),"?")) -> Y | G18: Customer | H18: Loyalty & Marketing | I18: 46211 | J18: =IF(OR($A18="",$I18=""),"",IF(NETWORKDAYS($B18,$I18,Holidays)-1<=AckDays,"Y","N")) -> Y | K18: N | N18: =IF(OR($A18="",$K18<>"Y"),"",IF($L18="","Pending",IF($L18-$B18<=IDPromptDays,"Y","Check"))) | O18: =IF($A18="","",IF(OR($K18<>"Y",$L18=""),0,IF($M18="",MAX(0,ReportDate-$L18),$M18-$L18))) -> 0 | P18: =IF($A18="","",IF($F18<>"Y","n/a",WORKDAY(EDATE($B18,1)+$O18-1,1,Holidays))) -> 46241 | Q18: =IF($A18="","",$B18+$O18+InternalDays) -> 46225 | R18: N | T18: =IF(OR($A18="",$R18<>"Y"),"",IF($S18="","Missing",IF(AND($F18="Y",$S18<=$P18),"Y","Late"))) | U18: =IF($A18="","",IF($F18<>"Y",$Q18,IF(AND($R18="Y",$T18="Y"),WORKDAY(EDATE($B18,3)+$O18-1,1,Holidays),$P18))) -> 46241 | V18: Marketing | W18: Closed | X18: N | Y18: 46212 | Z18: =IF($A18="","",IF($Y18<>"",$Y18-$B18,ReportDate-$B18)) -> 2 | AA18: =IF(OR($A18="",$W18="Closed"),"",$U18-ReportDate) | AB18: =IF($A18="","",IF($W18="Closed",IF($Y18<=$U18,"Closed on time","Closed late"),IF($W18="Awaiting ID","Paused",IF($AA18<0,"Overdue",IF($AA18<=RedDays,"Red",IF($AA18<=AmberDays,"Amber","Green")))))) -> Closed on time | AC18: =IF(OR($A18="",$Y18=""),"",IF($Y18<=$U18,"Y","N")) -> Y | AD18: N | AF18: =IF($A18="","",IF(IF(OR($B18="",$C18="",$D18="",$V18="",$W18=""),"missing required field; ","")&IF(COUNTIF($A$2:$A$201,$A18)>1,"duplicate ID; ","")&IF(AND($B18<>"",$B18>ReportDate),"received after snapshot date; ","")&IF(AND($I18<>"",$B18<>"",$I18<$B18),"acknowledged before receipt; ","")&IF(AND($K18="Y",$L18="",$W18<>"Logged"),"ID requested date missing; ","")&IF(AND($L18<>"",$M18<>"",$M18<$L18),"ID dates out of order; ","")&IF(AND($K18<>"Y",OR($L18<>"",$W18="Awaiting ID")),"ID fields used but ID_Check_Needed is not Y; ","")&IF(AND($R18="Y",$S18=""),"extension notice date missing; ","")&IF(AND($R18<>"Y",$S18<>""),"notice date but Extended is not Y; ","")&IF(AND($W18="Closed",$Y18=""),"closed without response date; ","")&IF(AND($Y18<>"",$W18<>"Closed"),"response date but status not Closed; ","")&IF(AND($Y18<>"",$B18<>"",$Y18<$B18),"response before receipt; ","")&IF(AND($AD18="Y",$AE18=""),"exemption needs a reason in Notes; ","")="","OK","Check: "&IF(OR($B18="",$C18="",$D18="",$V18="",$W18=""),"missing required field; ","")&IF(COUNTIF($A$2:$A$201,$A18)>1,"duplicate ID; ","")&IF(AND($B18<>"",$B18>ReportDate),"received after snapshot date; ","")&IF(AND($I18<>"",$B18<>"",$I18<$B18),"acknowledged before receipt; ","")&IF(AND($K18="Y",$L18="",$W18<>"Logged"),"ID requested date missing; ","")&IF(AND($L18<>"",$M18<>"",$M18<$L18),"ID dates out of order; ","")&IF(AND($K18<>"Y",OR($L18<>"",$W18="Awaiting ID")),"ID fields used but ID_Check_Needed is not Y; ","")&IF(AND($R18="Y",$S18=""),"extension notice date missing; ","")&IF(AND($R18<>"Y",$S18<>""),"notice date but Extended is not Y; ","")&IF(AND($W18="Closed",$Y18=""),"closed without response date; ","")&IF(AND($Y18<>"",$W18<>"Closed"),"response date but status not Closed; ","")&IF(AND($Y18<>"",$B18<>"",$Y18<$B18),"response before receipt; ","")&IF(AND($AD18="Y",$AE18=""),"exemption needs a reason in Notes; ",""))) -> OK
A19: DSR-2026-018 | B19: 46214 | C19: Privacy mailbox | D19: Access | E19: =IF($A19="","",IFERROR(VLOOKUP($D19,ReqTypes,2,FALSE),"?")) -> Art 15 | F19: =IF($A19="","",IFERROR(VLOOKUP($D19,ReqTypes,3,FALSE),"?")) -> Y | G19: Customer | H19: Online | I19: 46216 | J19: =IF(OR($A19="",$I19=""),"",IF(NETWORKDAYS($B19,$I19,Holidays)-1<=AckDays,"Y","N")) -> Y | K19: N | N19: =IF(OR($A19="",$K19<>"Y"),"",IF($L19="","Pending",IF($L19-$B19<=IDPromptDays,"Y","Check"))) | O19: =IF($A19="","",IF(OR($K19<>"Y",$L19=""),0,IF($M19="",MAX(0,ReportDate-$L19),$M19-$L19))) -> 0 | P19: =IF($A19="","",IF($F19<>"Y","n/a",WORKDAY(EDATE($B19,1)+$O19-1,1,Holidays))) -> 46245 | Q19: =IF($A19="","",$B19+$O19+InternalDays) -> 46229 | R19: N | T19: =IF(OR($A19="",$R19<>"Y"),"",IF($S19="","Missing",IF(AND($F19="Y",$S19<=$P19),"Y","Late"))) | U19: =IF($A19="","",IF($F19<>"Y",$Q19,IF(AND($R19="Y",$T19="Y"),WORKDAY(EDATE($B19,3)+$O19-1,1,Holidays),$P19))) -> 46245 | V19: Privacy Analyst | W19: Closed | X19: N | Y19: 46232 | Z19: =IF($A19="","",IF($Y19<>"",$Y19-$B19,ReportDate-$B19)) -> 18 | AA19: =IF(OR($A19="",$W19="Closed"),"",$U19-ReportDate) | AB19: =IF($A19="","",IF($W19="Closed",IF($Y19<=$U19,"Closed on time","Closed late"),IF($W19="Awaiting ID","Paused",IF($AA19<0,"Overdue",IF($AA19<=RedDays,"Red",IF($AA19<=AmberDays,"Amber","Green")))))) -> Closed on time | AC19: =IF(OR($A19="",$Y19=""),"",IF($Y19<=$U19,"Y","N")) -> Y | AD19: N | AE19: Received on a Saturday | AF19: =IF($A19="","",IF(IF(OR($B19="",$C19="",$D19="",$V19="",$W19=""),"missing required field; ","")&IF(COUNTIF($A$2:$A$201,$A19)>1,"duplicate ID; ","")&IF(AND($B19<>"",$B19>ReportDate),"received after snapshot date; ","")&IF(AND($I19<>"",$B19<>"",$I19<$B19),"acknowledged before receipt; ","")&IF(AND($K19="Y",$L19="",$W19<>"Logged"),"ID requested date missing; ","")&IF(AND($L19<>"",$M19<>"",$M19<$L19),"ID dates out of order; ","")&IF(AND($K19<>"Y",OR($L19<>"",$W19="Awaiting ID")),"ID fields used but ID_Check_Needed is not Y; ","")&IF(AND($R19="Y",$S19=""),"extension notice date missing; ","")&IF(AND($R19<>"Y",$S19<>""),"notice date but Extended is not Y; ","")&IF(AND($W19="Closed",$Y19=""),"closed without response date; ","")&IF(AND($Y19<>"",$W19<>"Closed"),"response date but status not Closed; ","")&IF(AND($Y19<>"",$B19<>"",$Y19<$B19),"response before receipt; ","")&IF(AND($AD19="Y",$AE19=""),"exemption needs a reason in Notes; ","")="","OK","Check: "&IF(OR($B19="",$C19="",$D19="",$V19="",$W19=""),"missing required field; ","")&IF(COUNTIF($A$2:$A$201,$A19)>1,"duplicate ID; ","")&IF(AND($B19<>"",$B19>ReportDate),"received after snapshot date; ","")&IF(AND($I19<>"",$B19<>"",$I19<$B19),"acknowledged before receipt; ","")&IF(AND($K19="Y",$L19="",$W19<>"Logged"),"ID requested date missing; ","")&IF(AND($L19<>"",$M19<>"",$M19<$L19),"ID dates out of order; ","")&IF(AND($K19<>"Y",OR($L19<>"",$W19="Awaiting ID")),"ID fields used but ID_Check_Needed is not Y; ","")&IF(AND($R19="Y",$S19=""),"extension notice date missing; ","")&IF(AND($R19<>"Y",$S19<>""),"notice date but Extended is not Y; ","")&IF(AND($W19="Closed",$Y19=""),"closed without response date; ","")&IF(AND($Y19<>"",$W19<>"Closed"),"response date but status not Closed; ","")&IF(AND($Y19<>"",$B19<>"",$Y19<$B19),"response before receipt; ","")&IF(AND($AD19="Y",$AE19=""),"exemption needs a reason in Notes; ",""))) -> OK
A20: DSR-2026-019 | B20: 46218 | C20: Customer service | D20: Rectification | E20: =IF($A20="","",IFERROR(VLOOKUP($D20,ReqTypes,2,FALSE),"?")) -> Art 16 | F20: =IF($A20="","",IFERROR(VLOOKUP($D20,ReqTypes,3,FALSE),"?")) -> Y | G20: Customer | H20: Stores | I20: 46219 | J20: =IF(OR($A20="",$I20=""),"",IF(NETWORKDAYS($B20,$I20,Holidays)-1<=AckDays,"Y","N")) -> Y | K20: N | N20: =IF(OR($A20="",$K20<>"Y"),"",IF($L20="","Pending",IF($L20-$B20<=IDPromptDays,"Y","Check"))) | O20: =IF($A20="","",IF(OR($K20<>"Y",$L20=""),0,IF($M20="",MAX(0,ReportDate-$L20),$M20-$L20))) -> 0 | P20: =IF($A20="","",IF($F20<>"Y","n/a",WORKDAY(EDATE($B20,1)+$O20-1,1,Holidays))) -> 46251 | Q20: =IF($A20="","",$B20+$O20+InternalDays) -> 46233 | R20: N | T20: =IF(OR($A20="",$R20<>"Y"),"",IF($S20="","Missing",IF(AND($F20="Y",$S20<=$P20),"Y","Late"))) | U20: =IF($A20="","",IF($F20<>"Y",$Q20,IF(AND($R20="Y",$T20="Y"),WORKDAY(EDATE($B20,3)+$O20-1,1,Holidays),$P20))) -> 46251 | V20: Privacy Analyst | W20: Closed | X20: N | Y20: 46225 | Z20: =IF($A20="","",IF($Y20<>"",$Y20-$B20,ReportDate-$B20)) -> 7 | AA20: =IF(OR($A20="",$W20="Closed"),"",$U20-ReportDate) | AB20: =IF($A20="","",IF($W20="Closed",IF($Y20<=$U20,"Closed on time","Closed late"),IF($W20="Awaiting ID","Paused",IF($AA20<0,"Overdue",IF($AA20<=RedDays,"Red",IF($AA20<=AmberDays,"Amber","Green")))))) -> Closed on time | AC20: =IF(OR($A20="",$Y20=""),"",IF($Y20<=$U20,"Y","N")) -> Y | AD20: N | AF20: =IF($A20="","",IF(IF(OR($B20="",$C20="",$D20="",$V20="",$W20=""),"missing required field; ","")&IF(COUNTIF($A$2:$A$201,$A20)>1,"duplicate ID; ","")&IF(AND($B20<>"",$B20>ReportDate),"received after snapshot date; ","")&IF(AND($I20<>"",$B20<>"",$I20<$B20),"acknowledged before receipt; ","")&IF(AND($K20="Y",$L20="",$W20<>"Logged"),"ID requested date missing; ","")&IF(AND($L20<>"",$M20<>"",$M20<$L20),"ID dates out of order; ","")&IF(AND($K20<>"Y",OR($L20<>"",$W20="Awaiting ID")),"ID fields used but ID_Check_Needed is not Y; ","")&IF(AND($R20="Y",$S20=""),"extension notice date missing; ","")&IF(AND($R20<>"Y",$S20<>""),"notice date but Extended is not Y; ","")&IF(AND($W20="Closed",$Y20=""),"closed without response date; ","")&IF(AND($Y20<>"",$W20<>"Closed"),"response date but status not Closed; ","")&IF(AND($Y20<>"",$B20<>"",$Y20<$B20),"response before receipt; ","")&IF(AND($AD20="Y",$AE20=""),"exemption needs a reason in Notes; ","")="","OK","Check: "&IF(OR($B20="",$C20="",$D20="",$V20="",$W20=""),"missing required field; ","")&IF(COUNTIF($A$2:$A$201,$A20)>1,"duplicate ID; ","")&IF(AND($B20<>"",$B20>ReportDate),"received after snapshot date; ","")&IF(AND($I20<>"",$B20<>"",$I20<$B20),"acknowledged before receipt; ","")&IF(AND($K20="Y",$L20="",$W20<>"Logged"),"ID requested date missing; ","")&IF(AND($L20<>"",$M20<>"",$M20<$L20),"ID dates out of order; ","")&IF(AND($K20<>"Y",OR($L20<>"",$W20="Awaiting ID")),"ID fields used but ID_Check_Needed is not Y; ","")&IF(AND($R20="Y",$S20=""),"extension notice date missing; ","")&IF(AND($R20<>"Y",$S20<>""),"notice date but Extended is not Y; ","")&IF(AND($W20="Closed",$Y20=""),"closed without response date; ","")&IF(AND($Y20<>"",$W20<>"Closed"),"response date but status not Closed; ","")&IF(AND($Y20<>"",$B20<>"",$Y20<$B20),"response before receipt; ","")&IF(AND($AD20="Y",$AE20=""),"exemption needs a reason in Notes; ",""))) -> OK
A21: DSR-2026-020 | B21: 46224 | C21: Privacy mailbox | D21: Access | E21: =IF($A21="","",IFERROR(VLOOKUP($D21,ReqTypes,2,FALSE),"?")) -> Art 15 | F21: =IF($A21="","",IFERROR(VLOOKUP($D21,ReqTypes,3,FALSE),"?")) -> Y | G21: Job applicant | H21: HR | I21: 46225 | J21: =IF(OR($A21="",$I21=""),"",IF(NETWORKDAYS($B21,$I21,Holidays)-1<=AckDays,"Y","N")) -> Y | K21: N | N21: =IF(OR($A21="",$K21<>"Y"),"",IF($L21="","Pending",IF($L21-$B21<=IDPromptDays,"Y","Check"))) | O21: =IF($A21="","",IF(OR($K21<>"Y",$L21=""),0,IF($M21="",MAX(0,ReportDate-$L21),$M21-$L21))) -> 0 | P21: =IF($A21="","",IF($F21<>"Y","n/a",WORKDAY(EDATE($B21,1)+$O21-1,1,Holidays))) -> 46255 | Q21: =IF($A21="","",$B21+$O21+InternalDays) -> 46239 | R21: N | T21: =IF(OR($A21="",$R21<>"Y"),"",IF($S21="","Missing",IF(AND($F21="Y",$S21<=$P21),"Y","Late"))) | U21: =IF($A21="","",IF($F21<>"Y",$Q21,IF(AND($R21="Y",$T21="Y"),WORKDAY(EDATE($B21,3)+$O21-1,1,Holidays),$P21))) -> 46255 | V21: HR | W21: Closed | X21: Y | Y21: 46259 | Z21: =IF($A21="","",IF($Y21<>"",$Y21-$B21,ReportDate-$B21)) -> 35 | AA21: =IF(OR($A21="",$W21="Closed"),"",$U21-ReportDate) | AB21: =IF($A21="","",IF($W21="Closed",IF($Y21<=$U21,"Closed on time","Closed late"),IF($W21="Awaiting ID","Paused",IF($AA21<0,"Overdue",IF($AA21<=RedDays,"Red",IF($AA21<=AmberDays,"Amber","Green")))))) -> Closed late | AC21: =IF(OR($A21="",$Y21=""),"",IF($Y21<=$U21,"Y","N")) -> N | AD21: N | AE21: Closed late: records held in two HR systems. Root cause logged | AF21: =IF($A21="","",IF(IF(OR($B21="",$C21="",$D21="",$V21="",$W21=""),"missing required field; ","")&IF(COUNTIF($A$2:$A$201,$A21)>1,"duplicate ID; ","")&IF(AND($B21<>"",$B21>ReportDate),"received after snapshot date; ","")&IF(AND($I21<>"",$B21<>"",$I21<$B21),"acknowledged before receipt; ","")&IF(AND($K21="Y",$L21="",$W21<>"Logged"),"ID requested date missing; ","")&IF(AND($L21<>"",$M21<>"",$M21<$L21),"ID dates out of order; ","")&IF(AND($K21<>"Y",OR($L21<>"",$W21="Awaiting ID")),"ID fields used but ID_Check_Needed is not Y; ","")&IF(AND($R21="Y",$S21=""),"extension notice date missing; ","")&IF(AND($R21<>"Y",$S21<>""),"notice date but Extended is not Y; ","")&IF(AND($W21="Closed",$Y21=""),"closed without response date; ","")&IF(AND($Y21<>"",$W21<>"Closed"),"response date but status not Closed; ","")&IF(AND($Y21<>"",$B21<>"",$Y21<$B21),"response before receipt; ","")&IF(AND($AD21="Y",$AE21=""),"exemption needs a reason in Notes; ","")="","OK","Check: "&IF(OR($B21="",$C21="",$D21="",$V21="",$W21=""),"missing required field; ","")&IF(COUNTIF($A$2:$A$201,$A21)>1,"duplicate ID; ","")&IF(AND($B21<>"",$B21>ReportDate),"received after snapshot date; ","")&IF(AND($I21<>"",$B21<>"",$I21<$B21),"acknowledged before receipt; ","")&IF(AND($K21="Y",$L21="",$W21<>"Logged"),"ID requested date missing; ","")&IF(AND($L21<>"",$M21<>"",$M21<$L21),"ID dates out of order; ","")&IF(AND($K21<>"Y",OR($L21<>"",$W21="Awaiting ID")),"ID fields used but ID_Check_Needed is not Y; ","")&IF(AND($R21="Y",$S21=""),"extension notice date missing; ","")&IF(AND($R21<>"Y",$S21<>""),"notice date but Extended is not Y; ","")&IF(AND($W21="Closed",$Y21=""),"closed without response date; ","")&IF(AND($Y21<>"",$W21<>"Closed"),"response date but status not Closed; ","")&IF(AND($Y21<>"",$B21<>"",$Y21<$B21),"response before receipt; ","")&IF(AND($AD21="Y",$AE21=""),"exemption needs a reason in Notes; ",""))) -> OK
A22: DSR-2026-021 | B22: 46230 | C22: Web form | D22: Erasure | E22: =IF($A22="","",IFERROR(VLOOKUP($D22,ReqTypes,2,FALSE),"?")) -> Art 17 | F22: =IF($A22="","",IFERROR(VLOOKUP($D22,ReqTypes,3,FALSE),"?")) -> Y | G22: Customer | H22: Loyalty & Marketing | I22: 46231 | J22: =IF(OR($A22="",$I22=""),"",IF(NETWORKDAYS($B22,$I22,Holidays)-1<=AckDays,"Y","N")) -> Y | K22: N | N22: =IF(OR($A22="",$K22<>"Y"),"",IF($L22="","Pending",IF($L22-$B22<=IDPromptDays,"Y","Check"))) | O22: =IF($A22="","",IF(OR($K22<>"Y",$L22=""),0,IF($M22="",MAX(0,ReportDate-$L22),$M22-$L22))) -> 0 | P22: =IF($A22="","",IF($F22<>"Y","n/a",WORKDAY(EDATE($B22,1)+$O22-1,1,Holidays))) -> 46261 | Q22: =IF($A22="","",$B22+$O22+InternalDays) -> 46245 | R22: N | T22: =IF(OR($A22="",$R22<>"Y"),"",IF($S22="","Missing",IF(AND($F22="Y",$S22<=$P22),"Y","Late"))) | U22: =IF($A22="","",IF($F22<>"Y",$Q22,IF(AND($R22="Y",$T22="Y"),WORKDAY(EDATE($B22,3)+$O22-1,1,Holidays),$P22))) -> 46261 | V22: IT | W22: Closed | X22: N | Y22: 46241 | Z22: =IF($A22="","",IF($Y22<>"",$Y22-$B22,ReportDate-$B22)) -> 11 | AA22: =IF(OR($A22="",$W22="Closed"),"",$U22-ReportDate) | AB22: =IF($A22="","",IF($W22="Closed",IF($Y22<=$U22,"Closed on time","Closed late"),IF($W22="Awaiting ID","Paused",IF($AA22<0,"Overdue",IF($AA22<=RedDays,"Red",IF($AA22<=AmberDays,"Amber","Green")))))) -> Closed on time | AC22: =IF(OR($A22="",$Y22=""),"",IF($Y22<=$U22,"Y","N")) -> Y | AD22: N | AF22: =IF($A22="","",IF(IF(OR($B22="",$C22="",$D22="",$V22="",$W22=""),"missing required field; ","")&IF(COUNTIF($A$2:$A$201,$A22)>1,"duplicate ID; ","")&IF(AND($B22<>"",$B22>ReportDate),"received after snapshot date; ","")&IF(AND($I22<>"",$B22<>"",$I22<$B22),"acknowledged before receipt; ","")&IF(AND($K22="Y",$L22="",$W22<>"Logged"),"ID requested date missing; ","")&IF(AND($L22<>"",$M22<>"",$M22<$L22),"ID dates out of order; ","")&IF(AND($K22<>"Y",OR($L22<>"",$W22="Awaiting ID")),"ID fields used but ID_Check_Needed is not Y; ","")&IF(AND($R22="Y",$S22=""),"extension notice date missing; ","")&IF(AND($R22<>"Y",$S22<>""),"notice date but Extended is not Y; ","")&IF(AND($W22="Closed",$Y22=""),"closed without response date; ","")&IF(AND($Y22<>"",$W22<>"Closed"),"response date but status not Closed; ","")&IF(AND($Y22<>"",$B22<>"",$Y22<$B22),"response before receipt; ","")&IF(AND($AD22="Y",$AE22=""),"exemption needs a reason in Notes; ","")="","OK","Check: "&IF(OR($B22="",$C22="",$D22="",$V22="",$W22=""),"missing required field; ","")&IF(COUNTIF($A$2:$A$201,$A22)>1,"duplicate ID; ","")&IF(AND($B22<>"",$B22>ReportDate),"received after snapshot date; ","")&IF(AND($I22<>"",$B22<>"",$I22<$B22),"acknowledged before receipt; ","")&IF(AND($K22="Y",$L22="",$W22<>"Logged"),"ID requested date missing; ","")&IF(AND($L22<>"",$M22<>"",$M22<$L22),"ID dates out of order; ","")&IF(AND($K22<>"Y",OR($L22<>"",$W22="Awaiting ID")),"ID fields used but ID_Check_Needed is not Y; ","")&IF(AND($R22="Y",$S22=""),"extension notice date missing; ","")&IF(AND($R22<>"Y",$S22<>""),"notice date but Extended is not Y; ","")&IF(AND($W22="Closed",$Y22=""),"closed without response date; ","")&IF(AND($Y22<>"",$W22<>"Closed"),"response date but status not Closed; ","")&IF(AND($Y22<>"",$B22<>"",$Y22<$B22),"response before receipt; ","")&IF(AND($AD22="Y",$AE22=""),"exemption needs a reason in Notes; ",""))) -> OK
A23: DSR-2026-022 | B23: 46234 | C23: Privacy mailbox | D23: Restriction | E23: =IF($A23="","",IFERROR(VLOOKUP($D23,ReqTypes,2,FALSE),"?")) -> Art 18 | F23: =IF($A23="","",IFERROR(VLOOKUP($D23,ReqTypes,3,FALSE),"?")) -> Y | G23: Customer | H23: Online | I23: 46237 | J23: =IF(OR($A23="",$I23=""),"",IF(NETWORKDAYS($B23,$I23,Holidays)-1<=AckDays,"Y","N")) -> Y | K23: N | N23: =IF(OR($A23="",$K23<>"Y"),"",IF($L23="","Pending",IF($L23-$B23<=IDPromptDays,"Y","Check"))) | O23: =IF($A23="","",IF(OR($K23<>"Y",$L23=""),0,IF($M23="",MAX(0,ReportDate-$L23),$M23-$L23))) -> 0 | P23: =IF($A23="","",IF($F23<>"Y","n/a",WORKDAY(EDATE($B23,1)+$O23-1,1,Holidays))) -> 46265 | Q23: =IF($A23="","",$B23+$O23+InternalDays) -> 46249 | R23: N | T23: =IF(OR($A23="",$R23<>"Y"),"",IF($S23="","Missing",IF(AND($F23="Y",$S23<=$P23),"Y","Late"))) | U23: =IF($A23="","",IF($F23<>"Y",$Q23,IF(AND($R23="Y",$T23="Y"),WORKDAY(EDATE($B23,3)+$O23-1,1,Holidays),$P23))) -> 46265 | V23: Privacy Analyst | W23: Closed | X23: N | Y23: 46246 | Z23: =IF($A23="","",IF($Y23<>"",$Y23-$B23,ReportDate-$B23)) -> 12 | AA23: =IF(OR($A23="",$W23="Closed"),"",$U23-ReportDate) | AB23: =IF($A23="","",IF($W23="Closed",IF($Y23<=$U23,"Closed on time","Closed late"),IF($W23="Awaiting ID","Paused",IF($AA23<0,"Overdue",IF($AA23<=RedDays,"Red",IF($AA23<=AmberDays,"Amber","Green")))))) -> Closed on time | AC23: =IF(OR($A23="",$Y23=""),"",IF($Y23<=$U23,"Y","N")) -> Y | AD23: N | AE23: Acknowledged after the August bank holiday weekend | AF23: =IF($A23="","",IF(IF(OR($B23="",$C23="",$D23="",$V23="",$W23=""),"missing required field; ","")&IF(COUNTIF($A$2:$A$201,$A23)>1,"duplicate ID; ","")&IF(AND($B23<>"",$B23>ReportDate),"received after snapshot date; ","")&IF(AND($I23<>"",$B23<>"",$I23<$B23),"acknowledged before receipt; ","")&IF(AND($K23="Y",$L23="",$W23<>"Logged"),"ID requested date missing; ","")&IF(AND($L23<>"",$M23<>"",$M23<$L23),"ID dates out of order; ","")&IF(AND($K23<>"Y",OR($L23<>"",$W23="Awaiting ID")),"ID fields used but ID_Check_Needed is not Y; ","")&IF(AND($R23="Y",$S23=""),"extension notice date missing; ","")&IF(AND($R23<>"Y",$S23<>""),"notice date but Extended is not Y; ","")&IF(AND($W23="Closed",$Y23=""),"closed without response date; ","")&IF(AND($Y23<>"",$W23<>"Closed"),"response date but status not Closed; ","")&IF(AND($Y23<>"",$B23<>"",$Y23<$B23),"response before receipt; ","")&IF(AND($AD23="Y",$AE23=""),"exemption needs a reason in Notes; ","")="","OK","Check: "&IF(OR($B23="",$C23="",$D23="",$V23="",$W23=""),"missing required field; ","")&IF(COUNTIF($A$2:$A$201,$A23)>1,"duplicate ID; ","")&IF(AND($B23<>"",$B23>ReportDate),"received after snapshot date; ","")&IF(AND($I23<>"",$B23<>"",$I23<$B23),"acknowledged before receipt; ","")&IF(AND($K23="Y",$L23="",$W23<>"Logged"),"ID requested date missing; ","")&IF(AND($L23<>"",$M23<>"",$M23<$L23),"ID dates out of order; ","")&IF(AND($K23<>"Y",OR($L23<>"",$W23="Awaiting ID")),"ID fields used but ID_Check_Needed is not Y; ","")&IF(AND($R23="Y",$S23=""),"extension notice date missing; ","")&IF(AND($R23<>"Y",$S23<>""),"notice date but Extended is not Y; ","")&IF(AND($W23="Closed",$Y23=""),"closed without response date; ","")&IF(AND($Y23<>"",$W23<>"Closed"),"response date but status not Closed; ","")&IF(AND($Y23<>"",$B23<>"",$Y23<$B23),"response before receipt; ","")&IF(AND($AD23="Y",$AE23=""),"exemption needs a reason in Notes; ",""))) -> OK
A24: DSR-2026-023 | B24: 46239 | C24: Privacy mailbox | D24: Access | E24: =IF($A24="","",IFERROR(VLOOKUP($D24,ReqTypes,2,FALSE),"?")) -> Art 15 | F24: =IF($A24="","",IFERROR(VLOOKUP($D24,ReqTypes,3,FALSE),"?")) -> Y | G24: Customer | H24: CCTV & Security | I24: 46240 | J24: =IF(OR($A24="",$I24=""),"",IF(NETWORKDAYS($B24,$I24,Holidays)-1<=AckDays,"Y","N")) -> Y | K24: Y | L24: 46240 | M24: 46244 | N24: =IF(OR($A24="",$K24<>"Y"),"",IF($L24="","Pending",IF($L24-$B24<=IDPromptDays,"Y","Check"))) -> Y | O24: =IF($A24="","",IF(OR($K24<>"Y",$L24=""),0,IF($M24="",MAX(0,ReportDate-$L24),$M24-$L24))) -> 4 | P24: =IF($A24="","",IF($F24<>"Y","n/a",WORKDAY(EDATE($B24,1)+$O24-1,1,Holidays))) -> 46274 | Q24: =IF($A24="","",$B24+$O24+InternalDays) -> 46258 | R24: N | T24: =IF(OR($A24="",$R24<>"Y"),"",IF($S24="","Missing",IF(AND($F24="Y",$S24<=$P24),"Y","Late"))) | U24: =IF($A24="","",IF($F24<>"Y",$Q24,IF(AND($R24="Y",$T24="Y"),WORKDAY(EDATE($B24,3)+$O24-1,1,Holidays),$P24))) -> 46274 | V24: Privacy Analyst | W24: Closed | X24: N | Y24: 46261 | Z24: =IF($A24="","",IF($Y24<>"",$Y24-$B24,ReportDate-$B24)) -> 22 | AA24: =IF(OR($A24="",$W24="Closed"),"",$U24-ReportDate) | AB24: =IF($A24="","",IF($W24="Closed",IF($Y24<=$U24,"Closed on time","Closed late"),IF($W24="Awaiting ID","Paused",IF($AA24<0,"Overdue",IF($AA24<=RedDays,"Red",IF($AA24<=AmberDays,"Amber","Green")))))) -> Closed on time | AC24: =IF(OR($A24="",$Y24=""),"",IF($Y24<=$U24,"Y","N")) -> Y | AD24: Y | AE24: CCTV: other shoppers pixelated. Redaction schedule RS-023 | AF24: =IF($A24="","",IF(IF(OR($B24="",$C24="",$D24="",$V24="",$W24=""),"missing required field; ","")&IF(COUNTIF($A$2:$A$201,$A24)>1,"duplicate ID; ","")&IF(AND($B24<>"",$B24>ReportDate),"received after snapshot date; ","")&IF(AND($I24<>"",$B24<>"",$I24<$B24),"acknowledged before receipt; ","")&IF(AND($K24="Y",$L24="",$W24<>"Logged"),"ID requested date missing; ","")&IF(AND($L24<>"",$M24<>"",$M24<$L24),"ID dates out of order; ","")&IF(AND($K24<>"Y",OR($L24<>"",$W24="Awaiting ID")),"ID fields used but ID_Check_Needed is not Y; ","")&IF(AND($R24="Y",$S24=""),"extension notice date missing; ","")&IF(AND($R24<>"Y",$S24<>""),"notice date but Extended is not Y; ","")&IF(AND($W24="Closed",$Y24=""),"closed without response date; ","")&IF(AND($Y24<>"",$W24<>"Closed"),"response date but status not Closed; ","")&IF(AND($Y24<>"",$B24<>"",$Y24<$B24),"response before receipt; ","")&IF(AND($AD24="Y",$AE24=""),"exemption needs a reason in Notes; ","")="","OK","Check: "&IF(OR($B24="",$C24="",$D24="",$V24="",$W24=""),"missing required field; ","")&IF(COUNTIF($A$2:$A$201,$A24)>1,"duplicate ID; ","")&IF(AND($B24<>"",$B24>ReportDate),"received after snapshot date; ","")&IF(AND($I24<>"",$B24<>"",$I24<$B24),"acknowledged before receipt; ","")&IF(AND($K24="Y",$L24="",$W24<>"Logged"),"ID requested date missing; ","")&IF(AND($L24<>"",$M24<>"",$M24<$L24),"ID dates out of order; ","")&IF(AND($K24<>"Y",OR($L24<>"",$W24="Awaiting ID")),"ID fields used but ID_Check_Needed is not Y; ","")&IF(AND($R24="Y",$S24=""),"extension notice date missing; ","")&IF(AND($R24<>"Y",$S24<>""),"notice date but Extended is not Y; ","")&IF(AND($W24="Closed",$Y24=""),"closed without response date; ","")&IF(AND($Y24<>"",$W24<>"Closed"),"response date but status not Closed; ","")&IF(AND($Y24<>"",$B24<>"",$Y24<$B24),"response before receipt; ","")&IF(AND($AD24="Y",$AE24=""),"exemption needs a reason in Notes; ",""))) -> OK
A25: DSR-2026-024 | B25: 46245 | C25: Web form | D25: Objection - direct marketing | E25: =IF($A25="","",IFERROR(VLOOKUP($D25,ReqTypes,2,FALSE),"?")) -> Art 21(2) | F25: =IF($A25="","",IFERROR(VLOOKUP($D25,ReqTypes,3,FALSE),"?")) -> Y | G25: Customer | H25: Loyalty & Marketing | I25: 46246 | J25: =IF(OR($A25="",$I25=""),"",IF(NETWORKDAYS($B25,$I25,Holidays)-1<=AckDays,"Y","N")) -> Y | K25: N | N25: =IF(OR($A25="",$K25<>"Y"),"",IF($L25="","Pending",IF($L25-$B25<=IDPromptDays,"Y","Check"))) | O25: =IF($A25="","",IF(OR($K25<>"Y",$L25=""),0,IF($M25="",MAX(0,ReportDate-$L25),$M25-$L25))) -> 0 | P25: =IF($A25="","",IF($F25<>"Y","n/a",WORKDAY(EDATE($B25,1)+$O25-1,1,Holidays))) -> 46276 | Q25: =IF($A25="","",$B25+$O25+InternalDays) -> 46260 | R25: N | T25: =IF(OR($A25="",$R25<>"Y"),"",IF($S25="","Missing",IF(AND($F25="Y",$S25<=$P25),"Y","Late"))) | U25: =IF($A25="","",IF($F25<>"Y",$Q25,IF(AND($R25="Y",$T25="Y"),WORKDAY(EDATE($B25,3)+$O25-1,1,Holidays),$P25))) -> 46276 | V25: Marketing | W25: Closed | X25: N | Y25: 46248 | Z25: =IF($A25="","",IF($Y25<>"",$Y25-$B25,ReportDate-$B25)) -> 3 | AA25: =IF(OR($A25="",$W25="Closed"),"",$U25-ReportDate) | AB25: =IF($A25="","",IF($W25="Closed",IF($Y25<=$U25,"Closed on time","Closed late"),IF($W25="Awaiting ID","Paused",IF($AA25<0,"Overdue",IF($AA25<=RedDays,"Red",IF($AA25<=AmberDays,"Amber","Green")))))) -> Closed on time | AC25: =IF(OR($A25="",$Y25=""),"",IF($Y25<=$U25,"Y","N")) -> Y | AD25: N | AF25: =IF($A25="","",IF(IF(OR($B25="",$C25="",$D25="",$V25="",$W25=""),"missing required field; ","")&IF(COUNTIF($A$2:$A$201,$A25)>1,"duplicate ID; ","")&IF(AND($B25<>"",$B25>ReportDate),"received after snapshot date; ","")&IF(AND($I25<>"",$B25<>"",$I25<$B25),"acknowledged before receipt; ","")&IF(AND($K25="Y",$L25="",$W25<>"Logged"),"ID requested date missing; ","")&IF(AND($L25<>"",$M25<>"",$M25<$L25),"ID dates out of order; ","")&IF(AND($K25<>"Y",OR($L25<>"",$W25="Awaiting ID")),"ID fields used but ID_Check_Needed is not Y; ","")&IF(AND($R25="Y",$S25=""),"extension notice date missing; ","")&IF(AND($R25<>"Y",$S25<>""),"notice date but Extended is not Y; ","")&IF(AND($W25="Closed",$Y25=""),"closed without response date; ","")&IF(AND($Y25<>"",$W25<>"Closed"),"response date but status not Closed; ","")&IF(AND($Y25<>"",$B25<>"",$Y25<$B25),"response before receipt; ","")&IF(AND($AD25="Y",$AE25=""),"exemption needs a reason in Notes; ","")="","OK","Check: "&IF(OR($B25="",$C25="",$D25="",$V25="",$W25=""),"missing required field; ","")&IF(COUNTIF($A$2:$A$201,$A25)>1,"duplicate ID; ","")&IF(AND($B25<>"",$B25>ReportDate),"received after snapshot date; ","")&IF(AND($I25<>"",$B25<>"",$I25<$B25),"acknowledged before receipt; ","")&IF(AND($K25="Y",$L25="",$W25<>"Logged"),"ID requested date missing; ","")&IF(AND($L25<>"",$M25<>"",$M25<$L25),"ID dates out of order; ","")&IF(AND($K25<>"Y",OR($L25<>"",$W25="Awaiting ID")),"ID fields used but ID_Check_Needed is not Y; ","")&IF(AND($R25="Y",$S25=""),"extension notice date missing; ","")&IF(AND($R25<>"Y",$S25<>""),"notice date but Extended is not Y; ","")&IF(AND($W25="Closed",$Y25=""),"closed without response date; ","")&IF(AND($Y25<>"",$W25<>"Closed"),"response date but status not Closed; ","")&IF(AND($Y25<>"",$B25<>"",$Y25<$B25),"response before receipt; ","")&IF(AND($AD25="Y",$AE25=""),"exemption needs a reason in Notes; ",""))) -> OK
A26: DSR-2026-025 | B26: 46251 | C26: Post | D26: Access | E26: =IF($A26="","",IFERROR(VLOOKUP($D26,ReqTypes,2,FALSE),"?")) -> Art 15 | F26: =IF($A26="","",IFERROR(VLOOKUP($D26,ReqTypes,3,FALSE),"?")) -> Y | G26: Customer | H26: Stores | I26: 46254 | J26: =IF(OR($A26="",$I26=""),"",IF(NETWORKDAYS($B26,$I26,Holidays)-1<=AckDays,"Y","N")) -> N | K26: Y | L26: 46252 | M26: 46260 | N26: =IF(OR($A26="",$K26<>"Y"),"",IF($L26="","Pending",IF($L26-$B26<=IDPromptDays,"Y","Check"))) -> Y | O26: =IF($A26="","",IF(OR($K26<>"Y",$L26=""),0,IF($M26="",MAX(0,ReportDate-$L26),$M26-$L26))) -> 8 | P26: =IF($A26="","",IF($F26<>"Y","n/a",WORKDAY(EDATE($B26,1)+$O26-1,1,Holidays))) -> 46290 | Q26: =IF($A26="","",$B26+$O26+InternalDays) -> 46274 | R26: Y | S26: 46291 | T26: =IF(OR($A26="",$R26<>"Y"),"",IF($S26="","Missing",IF(AND($F26="Y",$S26<=$P26),"Y","Late"))) -> Late | U26: =IF($A26="","",IF($F26<>"Y",$Q26,IF(AND($R26="Y",$T26="Y"),WORKDAY(EDATE($B26,3)+$O26-1,1,Holidays),$P26))) -> 46290 | V26: Privacy Analyst | W26: Closed | X26: N | Y26: 46303 | Z26: =IF($A26="","",IF($Y26<>"",$Y26-$B26,ReportDate-$B26)) -> 52 | AA26: =IF(OR($A26="",$W26="Closed"),"",$U26-ReportDate) | AB26: =IF($A26="","",IF($W26="Closed",IF($Y26<=$U26,"Closed on time","Closed late"),IF($W26="Awaiting ID","Paused",IF($AA26<0,"Overdue",IF($AA26<=RedDays,"Red",IF($AA26<=AmberDays,"Amber","Green")))))) -> Closed late | AC26: =IF(OR($A26="",$Y26=""),"",IF($Y26<=$U26,"Y","N")) -> N | AD26: N | AE26: Extension notice sent after the first month: process gap raised | AF26: =IF($A26="","",IF(IF(OR($B26="",$C26="",$D26="",$V26="",$W26=""),"missing required field; ","")&IF(COUNTIF($A$2:$A$201,$A26)>1,"duplicate ID; ","")&IF(AND($B26<>"",$B26>ReportDate),"received after snapshot date; ","")&IF(AND($I26<>"",$B26<>"",$I26<$B26),"acknowledged before receipt; ","")&IF(AND($K26="Y",$L26="",$W26<>"Logged"),"ID requested date missing; ","")&IF(AND($L26<>"",$M26<>"",$M26<$L26),"ID dates out of order; ","")&IF(AND($K26<>"Y",OR($L26<>"",$W26="Awaiting ID")),"ID fields used but ID_Check_Needed is not Y; ","")&IF(AND($R26="Y",$S26=""),"extension notice date missing; ","")&IF(AND($R26<>"Y",$S26<>""),"notice date but Extended is not Y; ","")&IF(AND($W26="Closed",$Y26=""),"closed without response date; ","")&IF(AND($Y26<>"",$W26<>"Closed"),"response date but status not Closed; ","")&IF(AND($Y26<>"",$B26<>"",$Y26<$B26),"response before receipt; ","")&IF(AND($AD26="Y",$AE26=""),"exemption needs a reason in Notes; ","")="","OK","Check: "&IF(OR($B26="",$C26="",$D26="",$V26="",$W26=""),"missing required field; ","")&IF(COUNTIF($A$2:$A$201,$A26)>1,"duplicate ID; ","")&IF(AND($B26<>"",$B26>ReportDate),"received after snapshot date; ","")&IF(AND($I26<>"",$B26<>"",$I26<$B26),"acknowledged before receipt; ","")&IF(AND($K26="Y",$L26="",$W26<>"Logged"),"ID requested date missing; ","")&IF(AND($L26<>"",$M26<>"",$M26<$L26),"ID dates out of order; ","")&IF(AND($K26<>"Y",OR($L26<>"",$W26="Awaiting ID")),"ID fields used but ID_Check_Needed is not Y; ","")&IF(AND($R26="Y",$S26=""),"extension notice date missing; ","")&IF(AND($R26<>"Y",$S26<>""),"notice date but Extended is not Y; ","")&IF(AND($W26="Closed",$Y26=""),"closed without response date; ","")&IF(AND($Y26<>"",$W26<>"Closed"),"response date but status not Closed; ","")&IF(AND($Y26<>"",$B26<>"",$Y26<$B26),"response before receipt; ","")&IF(AND($AD26="Y",$AE26=""),"exemption needs a reason in Notes; ",""))) -> OK
A27: DSR-2026-026 | B27: 46258 | C27: Privacy mailbox | D27: Erasure | E27: =IF($A27="","",IFERROR(VLOOKUP($D27,ReqTypes,2,FALSE),"?")) -> Art 17 | F27: =IF($A27="","",IFERROR(VLOOKUP($D27,ReqTypes,3,FALSE),"?")) -> Y | G27: Customer | H27: Online | I27: 46259 | J27: =IF(OR($A27="",$I27=""),"",IF(NETWORKDAYS($B27,$I27,Holidays)-1<=AckDays,"Y","N")) -> Y | K27: N | N27: =IF(OR($A27="",$K27<>"Y"),"",IF($L27="","Pending",IF($L27-$B27<=IDPromptDays,"Y","Check"))) | O27: =IF($A27="","",IF(OR($K27<>"Y",$L27=""),0,IF($M27="",MAX(0,ReportDate-$L27),$M27-$L27))) -> 0 | P27: =IF($A27="","",IF($F27<>"Y","n/a",WORKDAY(EDATE($B27,1)+$O27-1,1,Holidays))) -> 46289 | Q27: =IF($A27="","",$B27+$O27+InternalDays) -> 46273 | R27: N | T27: =IF(OR($A27="",$R27<>"Y"),"",IF($S27="","Missing",IF(AND($F27="Y",$S27<=$P27),"Y","Late"))) | U27: =IF($A27="","",IF($F27<>"Y",$Q27,IF(AND($R27="Y",$T27="Y"),WORKDAY(EDATE($B27,3)+$O27-1,1,Holidays),$P27))) -> 46289 | V27: IT | W27: Closed | X27: N | Y27: 46265 | Z27: =IF($A27="","",IF($Y27<>"",$Y27-$B27,ReportDate-$B27)) -> 7 | AA27: =IF(OR($A27="",$W27="Closed"),"",$U27-ReportDate) | AB27: =IF($A27="","",IF($W27="Closed",IF($Y27<=$U27,"Closed on time","Closed late"),IF($W27="Awaiting ID","Paused",IF($AA27<0,"Overdue",IF($AA27<=RedDays,"Red",IF($AA27<=AmberDays,"Amber","Green")))))) -> Closed on time | AC27: =IF(OR($A27="",$Y27=""),"",IF($Y27<=$U27,"Y","N")) -> Y | AD27: N | AF27: =IF($A27="","",IF(IF(OR($B27="",$C27="",$D27="",$V27="",$W27=""),"missing required field; ","")&IF(COUNTIF($A$2:$A$201,$A27)>1,"duplicate ID; ","")&IF(AND($B27<>"",$B27>ReportDate),"received after snapshot date; ","")&IF(AND($I27<>"",$B27<>"",$I27<$B27),"acknowledged before receipt; ","")&IF(AND($K27="Y",$L27="",$W27<>"Logged"),"ID requested date missing; ","")&IF(AND($L27<>"",$M27<>"",$M27<$L27),"ID dates out of order; ","")&IF(AND($K27<>"Y",OR($L27<>"",$W27="Awaiting ID")),"ID fields used but ID_Check_Needed is not Y; ","")&IF(AND($R27="Y",$S27=""),"extension notice date missing; ","")&IF(AND($R27<>"Y",$S27<>""),"notice date but Extended is not Y; ","")&IF(AND($W27="Closed",$Y27=""),"closed without response date; ","")&IF(AND($Y27<>"",$W27<>"Closed"),"response date but status not Closed; ","")&IF(AND($Y27<>"",$B27<>"",$Y27<$B27),"response before receipt; ","")&IF(AND($AD27="Y",$AE27=""),"exemption needs a reason in Notes; ","")="","OK","Check: "&IF(OR($B27="",$C27="",$D27="",$V27="",$W27=""),"missing required field; ","")&IF(COUNTIF($A$2:$A$201,$A27)>1,"duplicate ID; ","")&IF(AND($B27<>"",$B27>ReportDate),"received after snapshot date; ","")&IF(AND($I27<>"",$B27<>"",$I27<$B27),"acknowledged before receipt; ","")&IF(AND($K27="Y",$L27="",$W27<>"Logged"),"ID requested date missing; ","")&IF(AND($L27<>"",$M27<>"",$M27<$L27),"ID dates out of order; ","")&IF(AND($K27<>"Y",OR($L27<>"",$W27="Awaiting ID")),"ID fields used but ID_Check_Needed is not Y; ","")&IF(AND($R27="Y",$S27=""),"extension notice date missing; ","")&IF(AND($R27<>"Y",$S27<>""),"notice date but Extended is not Y; ","")&IF(AND($W27="Closed",$Y27=""),"closed without response date; ","")&IF(AND($Y27<>"",$W27<>"Closed"),"response date but status not Closed; ","")&IF(AND($Y27<>"",$B27<>"",$Y27<$B27),"response before receipt; ","")&IF(AND($AD27="Y",$AE27=""),"exemption needs a reason in Notes; ",""))) -> OK
A28: DSR-2026-027 | B28: 46262 | C28: Customer service | D28: General query | E28: =IF($A28="","",IFERROR(VLOOKUP($D28,ReqTypes,2,FALSE),"?")) -> n/a | F28: =IF($A28="","",IFERROR(VLOOKUP($D28,ReqTypes,3,FALSE),"?")) -> N | G28: Customer | H28: Customer Service | I28: 46265 | J28: =IF(OR($A28="",$I28=""),"",IF(NETWORKDAYS($B28,$I28,Holidays)-1<=AckDays,"Y","N")) -> Y | K28: N | N28: =IF(OR($A28="",$K28<>"Y"),"",IF($L28="","Pending",IF($L28-$B28<=IDPromptDays,"Y","Check"))) | O28: =IF($A28="","",IF(OR($K28<>"Y",$L28=""),0,IF($M28="",MAX(0,ReportDate-$L28),$M28-$L28))) -> 0 | P28: =IF($A28="","",IF($F28<>"Y","n/a",WORKDAY(EDATE($B28,1)+$O28-1,1,Holidays))) -> n/a | Q28: =IF($A28="","",$B28+$O28+InternalDays) -> 46277 | R28: N | T28: =IF(OR($A28="",$R28<>"Y"),"",IF($S28="","Missing",IF(AND($F28="Y",$S28<=$P28),"Y","Late"))) | U28: =IF($A28="","",IF($F28<>"Y",$Q28,IF(AND($R28="Y",$T28="Y"),WORKDAY(EDATE($B28,3)+$O28-1,1,Holidays),$P28))) -> 46277 | V28: Privacy Analyst | W28: Closed | X28: N | Y28: 46266 | Z28: =IF($A28="","",IF($Y28<>"",$Y28-$B28,ReportDate-$B28)) -> 4 | AA28: =IF(OR($A28="",$W28="Closed"),"",$U28-ReportDate) | AB28: =IF($A28="","",IF($W28="Closed",IF($Y28<=$U28,"Closed on time","Closed late"),IF($W28="Awaiting ID","Paused",IF($AA28<0,"Overdue",IF($AA28<=RedDays,"Red",IF($AA28<=AmberDays,"Amber","Green")))))) -> Closed on time | AC28: =IF(OR($A28="",$Y28=""),"",IF($Y28<=$U28,"Y","N")) -> Y | AD28: N | AF28: =IF($A28="","",IF(IF(OR($B28="",$C28="",$D28="",$V28="",$W28=""),"missing required field; ","")&IF(COUNTIF($A$2:$A$201,$A28)>1,"duplicate ID; ","")&IF(AND($B28<>"",$B28>ReportDate),"received after snapshot date; ","")&IF(AND($I28<>"",$B28<>"",$I28<$B28),"acknowledged before receipt; ","")&IF(AND($K28="Y",$L28="",$W28<>"Logged"),"ID requested date missing; ","")&IF(AND($L28<>"",$M28<>"",$M28<$L28),"ID dates out of order; ","")&IF(AND($K28<>"Y",OR($L28<>"",$W28="Awaiting ID")),"ID fields used but ID_Check_Needed is not Y; ","")&IF(AND($R28="Y",$S28=""),"extension notice date missing; ","")&IF(AND($R28<>"Y",$S28<>""),"notice date but Extended is not Y; ","")&IF(AND($W28="Closed",$Y28=""),"closed without response date; ","")&IF(AND($Y28<>"",$W28<>"Closed"),"response date but status not Closed; ","")&IF(AND($Y28<>"",$B28<>"",$Y28<$B28),"response before receipt; ","")&IF(AND($AD28="Y",$AE28=""),"exemption needs a reason in Notes; ","")="","OK","Check: "&IF(OR($B28="",$C28="",$D28="",$V28="",$W28=""),"missing required field; ","")&IF(COUNTIF($A$2:$A$201,$A28)>1,"duplicate ID; ","")&IF(AND($B28<>"",$B28>ReportDate),"received after snapshot date; ","")&IF(AND($I28<>"",$B28<>"",$I28<$B28),"acknowledged before receipt; ","")&IF(AND($K28="Y",$L28="",$W28<>"Logged"),"ID requested date missing; ","")&IF(AND($L28<>"",$M28<>"",$M28<$L28),"ID dates out of order; ","")&IF(AND($K28<>"Y",OR($L28<>"",$W28="Awaiting ID")),"ID fields used but ID_Check_Needed is not Y; ","")&IF(AND($R28="Y",$S28=""),"extension notice date missing; ","")&IF(AND($R28<>"Y",$S28<>""),"notice date but Extended is not Y; ","")&IF(AND($W28="Closed",$Y28=""),"closed without response date; ","")&IF(AND($Y28<>"",$W28<>"Closed"),"response date but status not Closed; ","")&IF(AND($Y28<>"",$B28<>"",$Y28<$B28),"response before receipt; ","")&IF(AND($AD28="Y",$AE28=""),"exemption needs a reason in Notes; ",""))) -> OK
A29: DSR-2026-028 | B29: 46268 | C29: Privacy mailbox | D29: Access | E29: =IF($A29="","",IFERROR(VLOOKUP($D29,ReqTypes,2,FALSE),"?")) -> Art 15 | F29: =IF($A29="","",IFERROR(VLOOKUP($D29,ReqTypes,3,FALSE),"?")) -> Y | G29: Employee | H29: HR | I29: 46269 | J29: =IF(OR($A29="",$I29=""),"",IF(NETWORKDAYS($B29,$I29,Holidays)-1<=AckDays,"Y","N")) -> Y | K29: N | N29: =IF(OR($A29="",$K29<>"Y"),"",IF($L29="","Pending",IF($L29-$B29<=IDPromptDays,"Y","Check"))) | O29: =IF($A29="","",IF(OR($K29<>"Y",$L29=""),0,IF($M29="",MAX(0,ReportDate-$L29),$M29-$L29))) -> 0 | P29: =IF($A29="","",IF($F29<>"Y","n/a",WORKDAY(EDATE($B29,1)+$O29-1,1,Holidays))) -> 46300 | Q29: =IF($A29="","",$B29+$O29+InternalDays) -> 46283 | R29: N | T29: =IF(OR($A29="",$R29<>"Y"),"",IF($S29="","Missing",IF(AND($F29="Y",$S29<=$P29),"Y","Late"))) | U29: =IF($A29="","",IF($F29<>"Y",$Q29,IF(AND($R29="Y",$T29="Y"),WORKDAY(EDATE($B29,3)+$O29-1,1,Holidays),$P29))) -> 46300 | V29: HR | W29: Closed | X29: N | Y29: 46293 | Z29: =IF($A29="","",IF($Y29<>"",$Y29-$B29,ReportDate-$B29)) -> 25 | AA29: =IF(OR($A29="",$W29="Closed"),"",$U29-ReportDate) | AB29: =IF($A29="","",IF($W29="Closed",IF($Y29<=$U29,"Closed on time","Closed late"),IF($W29="Awaiting ID","Paused",IF($AA29<0,"Overdue",IF($AA29<=RedDays,"Red",IF($AA29<=AmberDays,"Amber","Green")))))) -> Closed on time | AC29: =IF(OR($A29="",$Y29=""),"",IF($Y29<=$U29,"Y","N")) -> Y | AD29: N | AF29: =IF($A29="","",IF(IF(OR($B29="",$C29="",$D29="",$V29="",$W29=""),"missing required field; ","")&IF(COUNTIF($A$2:$A$201,$A29)>1,"duplicate ID; ","")&IF(AND($B29<>"",$B29>ReportDate),"received after snapshot date; ","")&IF(AND($I29<>"",$B29<>"",$I29<$B29),"acknowledged before receipt; ","")&IF(AND($K29="Y",$L29="",$W29<>"Logged"),"ID requested date missing; ","")&IF(AND($L29<>"",$M29<>"",$M29<$L29),"ID dates out of order; ","")&IF(AND($K29<>"Y",OR($L29<>"",$W29="Awaiting ID")),"ID fields used but ID_Check_Needed is not Y; ","")&IF(AND($R29="Y",$S29=""),"extension notice date missing; ","")&IF(AND($R29<>"Y",$S29<>""),"notice date but Extended is not Y; ","")&IF(AND($W29="Closed",$Y29=""),"closed without response date; ","")&IF(AND($Y29<>"",$W29<>"Closed"),"response date but status not Closed; ","")&IF(AND($Y29<>"",$B29<>"",$Y29<$B29),"response before receipt; ","")&IF(AND($AD29="Y",$AE29=""),"exemption needs a reason in Notes; ","")="","OK","Check: "&IF(OR($B29="",$C29="",$D29="",$V29="",$W29=""),"missing required field; ","")&IF(COUNTIF($A$2:$A$201,$A29)>1,"duplicate ID; ","")&IF(AND($B29<>"",$B29>ReportDate),"received after snapshot date; ","")&IF(AND($I29<>"",$B29<>"",$I29<$B29),"acknowledged before receipt; ","")&IF(AND($K29="Y",$L29="",$W29<>"Logged"),"ID requested date missing; ","")&IF(AND($L29<>"",$M29<>"",$M29<$L29),"ID dates out of order; ","")&IF(AND($K29<>"Y",OR($L29<>"",$W29="Awaiting ID")),"ID fields used but ID_Check_Needed is not Y; ","")&IF(AND($R29="Y",$S29=""),"extension notice date missing; ","")&IF(AND($R29<>"Y",$S29<>""),"notice date but Extended is not Y; ","")&IF(AND($W29="Closed",$Y29=""),"closed without response date; ","")&IF(AND($Y29<>"",$W29<>"Closed"),"response date but status not Closed; ","")&IF(AND($Y29<>"",$B29<>"",$Y29<$B29),"response before receipt; ","")&IF(AND($AD29="Y",$AE29=""),"exemption needs a reason in Notes; ",""))) -> OK
A30: DSR-2026-029 | B30: 46273 | C30: Web form | D30: Rectification | E30: =IF($A30="","",IFERROR(VLOOKUP($D30,ReqTypes,2,FALSE),"?")) -> Art 16 | F30: =IF($A30="","",IFERROR(VLOOKUP($D30,ReqTypes,3,FALSE),"?")) -> Y | G30: Customer | H30: Online | I30: 46274 | J30: =IF(OR($A30="",$I30=""),"",IF(NETWORKDAYS($B30,$I30,Holidays)-1<=AckDays,"Y","N")) -> Y | K30: N | N30: =IF(OR($A30="",$K30<>"Y"),"",IF($L30="","Pending",IF($L30-$B30<=IDPromptDays,"Y","Check"))) | O30: =IF($A30="","",IF(OR($K30<>"Y",$L30=""),0,IF($M30="",MAX(0,ReportDate-$L30),$M30-$L30))) -> 0 | P30: =IF($A30="","",IF($F30<>"Y","n/a",WORKDAY(EDATE($B30,1)+$O30-1,1,Holidays))) -> 46303 | Q30: =IF($A30="","",$B30+$O30+InternalDays) -> 46288 | R30: N | T30: =IF(OR($A30="",$R30<>"Y"),"",IF($S30="","Missing",IF(AND($F30="Y",$S30<=$P30),"Y","Late"))) | U30: =IF($A30="","",IF($F30<>"Y",$Q30,IF(AND($R30="Y",$T30="Y"),WORKDAY(EDATE($B30,3)+$O30-1,1,Holidays),$P30))) -> 46303 | V30: Privacy Analyst | W30: Closed | X30: N | Y30: 46279 | Z30: =IF($A30="","",IF($Y30<>"",$Y30-$B30,ReportDate-$B30)) -> 6 | AA30: =IF(OR($A30="",$W30="Closed"),"",$U30-ReportDate) | AB30: =IF($A30="","",IF($W30="Closed",IF($Y30<=$U30,"Closed on time","Closed late"),IF($W30="Awaiting ID","Paused",IF($AA30<0,"Overdue",IF($AA30<=RedDays,"Red",IF($AA30<=AmberDays,"Amber","Green")))))) -> Closed on time | AC30: =IF(OR($A30="",$Y30=""),"",IF($Y30<=$U30,"Y","N")) -> Y | AD30: N | AF30: =IF($A30="","",IF(IF(OR($B30="",$C30="",$D30="",$V30="",$W30=""),"missing required field; ","")&IF(COUNTIF($A$2:$A$201,$A30)>1,"duplicate ID; ","")&IF(AND($B30<>"",$B30>ReportDate),"received after snapshot date; ","")&IF(AND($I30<>"",$B30<>"",$I30<$B30),"acknowledged before receipt; ","")&IF(AND($K30="Y",$L30="",$W30<>"Logged"),"ID requested date missing; ","")&IF(AND($L30<>"",$M30<>"",$M30<$L30),"ID dates out of order; ","")&IF(AND($K30<>"Y",OR($L30<>"",$W30="Awaiting ID")),"ID fields used but ID_Check_Needed is not Y; ","")&IF(AND($R30="Y",$S30=""),"extension notice date missing; ","")&IF(AND($R30<>"Y",$S30<>""),"notice date but Extended is not Y; ","")&IF(AND($W30="Closed",$Y30=""),"closed without response date; ","")&IF(AND($Y30<>"",$W30<>"Closed"),"response date but status not Closed; ","")&IF(AND($Y30<>"",$B30<>"",$Y30<$B30),"response before receipt; ","")&IF(AND($AD30="Y",$AE30=""),"exemption needs a reason in Notes; ","")="","OK","Check: "&IF(OR($B30="",$C30="",$D30="",$V30="",$W30=""),"missing required field; ","")&IF(COUNTIF($A$2:$A$201,$A30)>1,"duplicate ID; ","")&IF(AND($B30<>"",$B30>ReportDate),"received after snapshot date; ","")&IF(AND($I30<>"",$B30<>"",$I30<$B30),"acknowledged before receipt; ","")&IF(AND($K30="Y",$L30="",$W30<>"Logged"),"ID requested date missing; ","")&IF(AND($L30<>"",$M30<>"",$M30<$L30),"ID dates out of order; ","")&IF(AND($K30<>"Y",OR($L30<>"",$W30="Awaiting ID")),"ID fields used but ID_Check_Needed is not Y; ","")&IF(AND($R30="Y",$S30=""),"extension notice date missing; ","")&IF(AND($R30<>"Y",$S30<>""),"notice date but Extended is not Y; ","")&IF(AND($W30="Closed",$Y30=""),"closed without response date; ","")&IF(AND($Y30<>"",$W30<>"Closed"),"response date but status not Closed; ","")&IF(AND($Y30<>"",$B30<>"",$Y30<$B30),"response before receipt; ","")&IF(AND($AD30="Y",$AE30=""),"exemption needs a reason in Notes; ",""))) -> OK
A31: DSR-2026-030 | B31: 46279 | C31: Privacy mailbox | D31: Access | E31: =IF($A31="","",IFERROR(VLOOKUP($D31,ReqTypes,2,FALSE),"?")) -> Art 15 | F31: =IF($A31="","",IFERROR(VLOOKUP($D31,ReqTypes,3,FALSE),"?")) -> Y | G31: Former employee | H31: HR | I31: 46281 | J31: =IF(OR($A31="",$I31=""),"",IF(NETWORKDAYS($B31,$I31,Holidays)-1<=AckDays,"Y","N")) -> Y | K31: N | N31: =IF(OR($A31="",$K31<>"Y"),"",IF($L31="","Pending",IF($L31-$B31<=IDPromptDays,"Y","Check"))) | O31: =IF($A31="","",IF(OR($K31<>"Y",$L31=""),0,IF($M31="",MAX(0,ReportDate-$L31),$M31-$L31))) -> 0 | P31: =IF($A31="","",IF($F31<>"Y","n/a",WORKDAY(EDATE($B31,1)+$O31-1,1,Holidays))) -> 46309 | Q31: =IF($A31="","",$B31+$O31+InternalDays) -> 46294 | R31: N | T31: =IF(OR($A31="",$R31<>"Y"),"",IF($S31="","Missing",IF(AND($F31="Y",$S31<=$P31),"Y","Late"))) | U31: =IF($A31="","",IF($F31<>"Y",$Q31,IF(AND($R31="Y",$T31="Y"),WORKDAY(EDATE($B31,3)+$O31-1,1,Holidays),$P31))) -> 46309 | V31: HR | W31: Escalated | X31: Y | Z31: =IF($A31="","",IF($Y31<>"",$Y31-$B31,ReportDate-$B31)) -> 46 | AA31: =IF(OR($A31="",$W31="Closed"),"",$U31-ReportDate) -> -16 | AB31: =IF($A31="","",IF($W31="Closed",IF($Y31<=$U31,"Closed on time","Closed late"),IF($W31="Awaiting ID","Paused",IF($AA31<0,"Overdue",IF($AA31<=RedDays,"Red",IF($AA31<=AmberDays,"Amber","Green")))))) -> Overdue | AC31: =IF(OR($A31="",$Y31=""),"",IF($Y31<=$U31,"Y","N")) | AD31: N | AE31: Escalated to Privacy Manager: HR system export delayed | AF31: =IF($A31="","",IF(IF(OR($B31="",$C31="",$D31="",$V31="",$W31=""),"missing required field; ","")&IF(COUNTIF($A$2:$A$201,$A31)>1,"duplicate ID; ","")&IF(AND($B31<>"",$B31>ReportDate),"received after snapshot date; ","")&IF(AND($I31<>"",$B31<>"",$I31<$B31),"acknowledged before receipt; ","")&IF(AND($K31="Y",$L31="",$W31<>"Logged"),"ID requested date missing; ","")&IF(AND($L31<>"",$M31<>"",$M31<$L31),"ID dates out of order; ","")&IF(AND($K31<>"Y",OR($L31<>"",$W31="Awaiting ID")),"ID fields used but ID_Check_Needed is not Y; ","")&IF(AND($R31="Y",$S31=""),"extension notice date missing; ","")&IF(AND($R31<>"Y",$S31<>""),"notice date but Extended is not Y; ","")&IF(AND($W31="Closed",$Y31=""),"closed without response date; ","")&IF(AND($Y31<>"",$W31<>"Closed"),"response date but status not Closed; ","")&IF(AND($Y31<>"",$B31<>"",$Y31<$B31),"response before receipt; ","")&IF(AND($AD31="Y",$AE31=""),"exemption needs a reason in Notes; ","")="","OK","Check: "&IF(OR($B31="",$C31="",$D31="",$V31="",$W31=""),"missing required field; ","")&IF(COUNTIF($A$2:$A$201,$A31)>1,"duplicate ID; ","")&IF(AND($B31<>"",$B31>ReportDate),"received after snapshot date; ","")&IF(AND($I31<>"",$B31<>"",$I31<$B31),"acknowledged before receipt; ","")&IF(AND($K31="Y",$L31="",$W31<>"Logged"),"ID requested date missing; ","")&IF(AND($L31<>"",$M31<>"",$M31<$L31),"ID dates out of order; ","")&IF(AND($K31<>"Y",OR($L31<>"",$W31="Awaiting ID")),"ID fields used but ID_Check_Needed is not Y; ","")&IF(AND($R31="Y",$S31=""),"extension notice date missing; ","")&IF(AND($R31<>"Y",$S31<>""),"notice date but Extended is not Y; ","")&IF(AND($W31="Closed",$Y31=""),"closed without response date; ","")&IF(AND($Y31<>"",$W31<>"Closed"),"response date but status not Closed; ","")&IF(AND($Y31<>"",$B31<>"",$Y31<$B31),"response before receipt; ","")&IF(AND($AD31="Y",$AE31=""),"exemption needs a reason in Notes; ",""))) -> OK
A32: DSR-2026-031 | B32: 46286 | C32: Privacy mailbox | D32: Objection - other | E32: =IF($A32="","",IFERROR(VLOOKUP($D32,ReqTypes,2,FALSE),"?")) -> Art 21(1) | F32: =IF($A32="","",IFERROR(VLOOKUP($D32,ReqTypes,3,FALSE),"?")) -> Y | G32: Customer | H32: Loyalty & Marketing | I32: 46287 | J32: =IF(OR($A32="",$I32=""),"",IF(NETWORKDAYS($B32,$I32,Holidays)-1<=AckDays,"Y","N")) -> Y | K32: N | N32: =IF(OR($A32="",$K32<>"Y"),"",IF($L32="","Pending",IF($L32-$B32<=IDPromptDays,"Y","Check"))) | O32: =IF($A32="","",IF(OR($K32<>"Y",$L32=""),0,IF($M32="",MAX(0,ReportDate-$L32),$M32-$L32))) -> 0 | P32: =IF($A32="","",IF($F32<>"Y","n/a",WORKDAY(EDATE($B32,1)+$O32-1,1,Holidays))) -> 46316 | Q32: =IF($A32="","",$B32+$O32+InternalDays) -> 46301 | R32: N | T32: =IF(OR($A32="",$R32<>"Y"),"",IF($S32="","Missing",IF(AND($F32="Y",$S32<=$P32),"Y","Late"))) | U32: =IF($A32="","",IF($F32<>"Y",$Q32,IF(AND($R32="Y",$T32="Y"),WORKDAY(EDATE($B32,3)+$O32-1,1,Holidays),$P32))) -> 46316 | V32: Marketing | W32: Closed | X32: N | Y32: 46295 | Z32: =IF($A32="","",IF($Y32<>"",$Y32-$B32,ReportDate-$B32)) -> 9 | AA32: =IF(OR($A32="",$W32="Closed"),"",$U32-ReportDate) | AB32: =IF($A32="","",IF($W32="Closed",IF($Y32<=$U32,"Closed on time","Closed late"),IF($W32="Awaiting ID","Paused",IF($AA32<0,"Overdue",IF($AA32<=RedDays,"Red",IF($AA32<=AmberDays,"Amber","Green")))))) -> Closed on time | AC32: =IF(OR($A32="",$Y32=""),"",IF($Y32<=$U32,"Y","N")) -> Y | AD32: N | AF32: =IF($A32="","",IF(IF(OR($B32="",$C32="",$D32="",$V32="",$W32=""),"missing required field; ","")&IF(COUNTIF($A$2:$A$201,$A32)>1,"duplicate ID; ","")&IF(AND($B32<>"",$B32>ReportDate),"received after snapshot date; ","")&IF(AND($I32<>"",$B32<>"",$I32<$B32),"acknowledged before receipt; ","")&IF(AND($K32="Y",$L32="",$W32<>"Logged"),"ID requested date missing; ","")&IF(AND($L32<>"",$M32<>"",$M32<$L32),"ID dates out of order; ","")&IF(AND($K32<>"Y",OR($L32<>"",$W32="Awaiting ID")),"ID fields used but ID_Check_Needed is not Y; ","")&IF(AND($R32="Y",$S32=""),"extension notice date missing; ","")&IF(AND($R32<>"Y",$S32<>""),"notice date but Extended is not Y; ","")&IF(AND($W32="Closed",$Y32=""),"closed without response date; ","")&IF(AND($Y32<>"",$W32<>"Closed"),"response date but status not Closed; ","")&IF(AND($Y32<>"",$B32<>"",$Y32<$B32),"response before receipt; ","")&IF(AND($AD32="Y",$AE32=""),"exemption needs a reason in Notes; ","")="","OK","Check: "&IF(OR($B32="",$C32="",$D32="",$V32="",$W32=""),"missing required field; ","")&IF(COUNTIF($A$2:$A$201,$A32)>1,"duplicate ID; ","")&IF(AND($B32<>"",$B32>ReportDate),"received after snapshot date; ","")&IF(AND($I32<>"",$B32<>"",$I32<$B32),"acknowledged before receipt; ","")&IF(AND($K32="Y",$L32="",$W32<>"Logged"),"ID requested date missing; ","")&IF(AND($L32<>"",$M32<>"",$M32<$L32),"ID dates out of order; ","")&IF(AND($K32<>"Y",OR($L32<>"",$W32="Awaiting ID")),"ID fields used but ID_Check_Needed is not Y; ","")&IF(AND($R32="Y",$S32=""),"extension notice date missing; ","")&IF(AND($R32<>"Y",$S32<>""),"notice date but Extended is not Y; ","")&IF(AND($W32="Closed",$Y32=""),"closed without response date; ","")&IF(AND($Y32<>"",$W32<>"Closed"),"response date but status not Closed; ","")&IF(AND($Y32<>"",$B32<>"",$Y32<$B32),"response before receipt; ","")&IF(AND($AD32="Y",$AE32=""),"exemption needs a reason in Notes; ",""))) -> OK
A33: DSR-2026-032 | B33: 46293 | C33: Post | D33: Access | E33: =IF($A33="","",IFERROR(VLOOKUP($D33,ReqTypes,2,FALSE),"?")) -> Art 15 | F33: =IF($A33="","",IFERROR(VLOOKUP($D33,ReqTypes,3,FALSE),"?")) -> Y | G33: Customer | H33: Stores | I33: 46295 | J33: =IF(OR($A33="",$I33=""),"",IF(NETWORKDAYS($B33,$I33,Holidays)-1<=AckDays,"Y","N")) -> Y | K33: Y | L33: 46294 | M33: 46299 | N33: =IF(OR($A33="",$K33<>"Y"),"",IF($L33="","Pending",IF($L33-$B33<=IDPromptDays,"Y","Check"))) -> Y | O33: =IF($A33="","",IF(OR($K33<>"Y",$L33=""),0,IF($M33="",MAX(0,ReportDate-$L33),$M33-$L33))) -> 5 | P33: =IF($A33="","",IF($F33<>"Y","n/a",WORKDAY(EDATE($B33,1)+$O33-1,1,Holidays))) -> 46328 | Q33: =IF($A33="","",$B33+$O33+InternalDays) -> 46313 | R33: N | T33: =IF(OR($A33="",$R33<>"Y"),"",IF($S33="","Missing",IF(AND($F33="Y",$S33<=$P33),"Y","Late"))) | U33: =IF($A33="","",IF($F33<>"Y",$Q33,IF(AND($R33="Y",$T33="Y"),WORKDAY(EDATE($B33,3)+$O33-1,1,Holidays),$P33))) -> 46328 | V33: Privacy Analyst | W33: In progress | X33: N | Z33: =IF($A33="","",IF($Y33<>"",$Y33-$B33,ReportDate-$B33)) -> 32 | AA33: =IF(OR($A33="",$W33="Closed"),"",$U33-ReportDate) -> 3 | AB33: =IF($A33="","",IF($W33="Closed",IF($Y33<=$U33,"Closed on time","Closed late"),IF($W33="Awaiting ID","Paused",IF($AA33<0,"Overdue",IF($AA33<=RedDays,"Red",IF($AA33<=AmberDays,"Amber","Green")))))) -> Red | AC33: =IF(OR($A33="",$Y33=""),"",IF($Y33<=$U33,"Y","N")) | AD33: N | AF33: =IF($A33="","",IF(IF(OR($B33="",$C33="",$D33="",$V33="",$W33=""),"missing required field; ","")&IF(COUNTIF($A$2:$A$201,$A33)>1,"duplicate ID; ","")&IF(AND($B33<>"",$B33>ReportDate),"received after snapshot date; ","")&IF(AND($I33<>"",$B33<>"",$I33<$B33),"acknowledged before receipt; ","")&IF(AND($K33="Y",$L33="",$W33<>"Logged"),"ID requested date missing; ","")&IF(AND($L33<>"",$M33<>"",$M33<$L33),"ID dates out of order; ","")&IF(AND($K33<>"Y",OR($L33<>"",$W33="Awaiting ID")),"ID fields used but ID_Check_Needed is not Y; ","")&IF(AND($R33="Y",$S33=""),"extension notice date missing; ","")&IF(AND($R33<>"Y",$S33<>""),"notice date but Extended is not Y; ","")&IF(AND($W33="Closed",$Y33=""),"closed without response date; ","")&IF(AND($Y33<>"",$W33<>"Closed"),"response date but status not Closed; ","")&IF(AND($Y33<>"",$B33<>"",$Y33<$B33),"response before receipt; ","")&IF(AND($AD33="Y",$AE33=""),"exemption needs a reason in Notes; ","")="","OK","Check: "&IF(OR($B33="",$C33="",$D33="",$V33="",$W33=""),"missing required field; ","")&IF(COUNTIF($A$2:$A$201,$A33)>1,"duplicate ID; ","")&IF(AND($B33<>"",$B33>ReportDate),"received after snapshot date; ","")&IF(AND($I33<>"",$B33<>"",$I33<$B33),"acknowledged before receipt; ","")&IF(AND($K33="Y",$L33="",$W33<>"Logged"),"ID requested date missing; ","")&IF(AND($L33<>"",$M33<>"",$M33<$L33),"ID dates out of order; ","")&IF(AND($K33<>"Y",OR($L33<>"",$W33="Awaiting ID")),"ID fields used but ID_Check_Needed is not Y; ","")&IF(AND($R33="Y",$S33=""),"extension notice date missing; ","")&IF(AND($R33<>"Y",$S33<>""),"notice date but Extended is not Y; ","")&IF(AND($W33="Closed",$Y33=""),"closed without response date; ","")&IF(AND($Y33<>"",$W33<>"Closed"),"response date but status not Closed; ","")&IF(AND($Y33<>"",$B33<>"",$Y33<$B33),"response before receipt; ","")&IF(AND($AD33="Y",$AE33=""),"exemption needs a reason in Notes; ",""))) -> OK
A34: DSR-2026-033 | B34: 46296 | C34: Web form | D34: Erasure | E34: =IF($A34="","",IFERROR(VLOOKUP($D34,ReqTypes,2,FALSE),"?")) -> Art 17 | F34: =IF($A34="","",IFERROR(VLOOKUP($D34,ReqTypes,3,FALSE),"?")) -> Y | G34: Customer | H34: Online | I34: 46297 | J34: =IF(OR($A34="",$I34=""),"",IF(NETWORKDAYS($B34,$I34,Holidays)-1<=AckDays,"Y","N")) -> Y | K34: N | N34: =IF(OR($A34="",$K34<>"Y"),"",IF($L34="","Pending",IF($L34-$B34<=IDPromptDays,"Y","Check"))) | O34: =IF($A34="","",IF(OR($K34<>"Y",$L34=""),0,IF($M34="",MAX(0,ReportDate-$L34),$M34-$L34))) -> 0 | P34: =IF($A34="","",IF($F34<>"Y","n/a",WORKDAY(EDATE($B34,1)+$O34-1,1,Holidays))) -> 46328 | Q34: =IF($A34="","",$B34+$O34+InternalDays) -> 46311 | R34: N | T34: =IF(OR($A34="",$R34<>"Y"),"",IF($S34="","Missing",IF(AND($F34="Y",$S34<=$P34),"Y","Late"))) | U34: =IF($A34="","",IF($F34<>"Y",$Q34,IF(AND($R34="Y",$T34="Y"),WORKDAY(EDATE($B34,3)+$O34-1,1,Holidays),$P34))) -> 46328 | V34: IT | W34: Closed | X34: N | Y34: 46316 | Z34: =IF($A34="","",IF($Y34<>"",$Y34-$B34,ReportDate-$B34)) -> 20 | AA34: =IF(OR($A34="",$W34="Closed"),"",$U34-ReportDate) | AB34: =IF($A34="","",IF($W34="Closed",IF($Y34<=$U34,"Closed on time","Closed late"),IF($W34="Awaiting ID","Paused",IF($AA34<0,"Overdue",IF($AA34<=RedDays,"Red",IF($AA34<=AmberDays,"Amber","Green")))))) -> Closed on time | AC34: =IF(OR($A34="",$Y34=""),"",IF($Y34<=$U34,"Y","N")) -> Y | AD34: N | AF34: =IF($A34="","",IF(IF(OR($B34="",$C34="",$D34="",$V34="",$W34=""),"missing required field; ","")&IF(COUNTIF($A$2:$A$201,$A34)>1,"duplicate ID; ","")&IF(AND($B34<>"",$B34>ReportDate),"received after snapshot date; ","")&IF(AND($I34<>"",$B34<>"",$I34<$B34),"acknowledged before receipt; ","")&IF(AND($K34="Y",$L34="",$W34<>"Logged"),"ID requested date missing; ","")&IF(AND($L34<>"",$M34<>"",$M34<$L34),"ID dates out of order; ","")&IF(AND($K34<>"Y",OR($L34<>"",$W34="Awaiting ID")),"ID fields used but ID_Check_Needed is not Y; ","")&IF(AND($R34="Y",$S34=""),"extension notice date missing; ","")&IF(AND($R34<>"Y",$S34<>""),"notice date but Extended is not Y; ","")&IF(AND($W34="Closed",$Y34=""),"closed without response date; ","")&IF(AND($Y34<>"",$W34<>"Closed"),"response date but status not Closed; ","")&IF(AND($Y34<>"",$B34<>"",$Y34<$B34),"response before receipt; ","")&IF(AND($AD34="Y",$AE34=""),"exemption needs a reason in Notes; ","")="","OK","Check: "&IF(OR($B34="",$C34="",$D34="",$V34="",$W34=""),"missing required field; ","")&IF(COUNTIF($A$2:$A$201,$A34)>1,"duplicate ID; ","")&IF(AND($B34<>"",$B34>ReportDate),"received after snapshot date; ","")&IF(AND($I34<>"",$B34<>"",$I34<$B34),"acknowledged before receipt; ","")&IF(AND($K34="Y",$L34="",$W34<>"Logged"),"ID requested date missing; ","")&IF(AND($L34<>"",$M34<>"",$M34<$L34),"ID dates out of order; ","")&IF(AND($K34<>"Y",OR($L34<>"",$W34="Awaiting ID")),"ID fields used but ID_Check_Needed is not Y; ","")&IF(AND($R34="Y",$S34=""),"extension notice date missing; ","")&IF(AND($R34<>"Y",$S34<>""),"notice date but Extended is not Y; ","")&IF(AND($W34="Closed",$Y34=""),"closed without response date; ","")&IF(AND($Y34<>"",$W34<>"Closed"),"response date but status not Closed; ","")&IF(AND($Y34<>"",$B34<>"",$Y34<$B34),"response before receipt; ","")&IF(AND($AD34="Y",$AE34=""),"exemption needs a reason in Notes; ",""))) -> OK
A35: DSR-2026-034 | B35: 46301 | C35: Privacy mailbox | D35: Access | E35: =IF($A35="","",IFERROR(VLOOKUP($D35,ReqTypes,2,FALSE),"?")) -> Art 15 | F35: =IF($A35="","",IFERROR(VLOOKUP($D35,ReqTypes,3,FALSE),"?")) -> Y | G35: Customer | H35: Online | I35: 46302 | J35: =IF(OR($A35="",$I35=""),"",IF(NETWORKDAYS($B35,$I35,Holidays)-1<=AckDays,"Y","N")) -> Y | K35: N | N35: =IF(OR($A35="",$K35<>"Y"),"",IF($L35="","Pending",IF($L35-$B35<=IDPromptDays,"Y","Check"))) | O35: =IF($A35="","",IF(OR($K35<>"Y",$L35=""),0,IF($M35="",MAX(0,ReportDate-$L35),$M35-$L35))) -> 0 | P35: =IF($A35="","",IF($F35<>"Y","n/a",WORKDAY(EDATE($B35,1)+$O35-1,1,Holidays))) -> 46332 | Q35: =IF($A35="","",$B35+$O35+InternalDays) -> 46316 | R35: N | T35: =IF(OR($A35="",$R35<>"Y"),"",IF($S35="","Missing",IF(AND($F35="Y",$S35<=$P35),"Y","Late"))) | U35: =IF($A35="","",IF($F35<>"Y",$Q35,IF(AND($R35="Y",$T35="Y"),WORKDAY(EDATE($B35,3)+$O35-1,1,Holidays),$P35))) -> 46332 | V35: Privacy Analyst | W35: In progress | X35: N | Z35: =IF($A35="","",IF($Y35<>"",$Y35-$B35,ReportDate-$B35)) -> 24 | AA35: =IF(OR($A35="",$W35="Closed"),"",$U35-ReportDate) -> 7 | AB35: =IF($A35="","",IF($W35="Closed",IF($Y35<=$U35,"Closed on time","Closed late"),IF($W35="Awaiting ID","Paused",IF($AA35<0,"Overdue",IF($AA35<=RedDays,"Red",IF($AA35<=AmberDays,"Amber","Green")))))) -> Red | AC35: =IF(OR($A35="",$Y35=""),"",IF($Y35<=$U35,"Y","N")) | AD35: N | AF35: =IF($A35="","",IF(IF(OR($B35="",$C35="",$D35="",$V35="",$W35=""),"missing required field; ","")&IF(COUNTIF($A$2:$A$201,$A35)>1,"duplicate ID; ","")&IF(AND($B35<>"",$B35>ReportDate),"received after snapshot date; ","")&IF(AND($I35<>"",$B35<>"",$I35<$B35),"acknowledged before receipt; ","")&IF(AND($K35="Y",$L35="",$W35<>"Logged"),"ID requested date missing; ","")&IF(AND($L35<>"",$M35<>"",$M35<$L35),"ID dates out of order; ","")&IF(AND($K35<>"Y",OR($L35<>"",$W35="Awaiting ID")),"ID fields used but ID_Check_Needed is not Y; ","")&IF(AND($R35="Y",$S35=""),"extension notice date missing; ","")&IF(AND($R35<>"Y",$S35<>""),"notice date but Extended is not Y; ","")&IF(AND($W35="Closed",$Y35=""),"closed without response date; ","")&IF(AND($Y35<>"",$W35<>"Closed"),"response date but status not Closed; ","")&IF(AND($Y35<>"",$B35<>"",$Y35<$B35),"response before receipt; ","")&IF(AND($AD35="Y",$AE35=""),"exemption needs a reason in Notes; ","")="","OK","Check: "&IF(OR($B35="",$C35="",$D35="",$V35="",$W35=""),"missing required field; ","")&IF(COUNTIF($A$2:$A$201,$A35)>1,"duplicate ID; ","")&IF(AND($B35<>"",$B35>ReportDate),"received after snapshot date; ","")&IF(AND($I35<>"",$B35<>"",$I35<$B35),"acknowledged before receipt; ","")&IF(AND($K35="Y",$L35="",$W35<>"Logged"),"ID requested date missing; ","")&IF(AND($L35<>"",$M35<>"",$M35<$L35),"ID dates out of order; ","")&IF(AND($K35<>"Y",OR($L35<>"",$W35="Awaiting ID")),"ID fields used but ID_Check_Needed is not Y; ","")&IF(AND($R35="Y",$S35=""),"extension notice date missing; ","")&IF(AND($R35<>"Y",$S35<>""),"notice date but Extended is not Y; ","")&IF(AND($W35="Closed",$Y35=""),"closed without response date; ","")&IF(AND($Y35<>"",$W35<>"Closed"),"response date but status not Closed; ","")&IF(AND($Y35<>"",$B35<>"",$Y35<$B35),"response before receipt; ","")&IF(AND($AD35="Y",$AE35=""),"exemption needs a reason in Notes; ",""))) -> OK
A36: DSR-2026-035 | B36: 46304 | C36: Privacy mailbox | D36: Access | E36: =IF($A36="","",IFERROR(VLOOKUP($D36,ReqTypes,2,FALSE),"?")) -> Art 15 | F36: =IF($A36="","",IFERROR(VLOOKUP($D36,ReqTypes,3,FALSE),"?")) -> Y | G36: Employee | H36: HR | I36: 46307 | J36: =IF(OR($A36="",$I36=""),"",IF(NETWORKDAYS($B36,$I36,Holidays)-1<=AckDays,"Y","N")) -> Y | K36: N | N36: =IF(OR($A36="",$K36<>"Y"),"",IF($L36="","Pending",IF($L36-$B36<=IDPromptDays,"Y","Check"))) | O36: =IF($A36="","",IF(OR($K36<>"Y",$L36=""),0,IF($M36="",MAX(0,ReportDate-$L36),$M36-$L36))) -> 0 | P36: =IF($A36="","",IF($F36<>"Y","n/a",WORKDAY(EDATE($B36,1)+$O36-1,1,Holidays))) -> 46335 | Q36: =IF($A36="","",$B36+$O36+InternalDays) -> 46319 | R36: N | T36: =IF(OR($A36="",$R36<>"Y"),"",IF($S36="","Missing",IF(AND($F36="Y",$S36<=$P36),"Y","Late"))) | U36: =IF($A36="","",IF($F36<>"Y",$Q36,IF(AND($R36="Y",$T36="Y"),WORKDAY(EDATE($B36,3)+$O36-1,1,Holidays),$P36))) -> 46335 | V36: HR | W36: In progress | X36: N | Z36: =IF($A36="","",IF($Y36<>"",$Y36-$B36,ReportDate-$B36)) -> 21 | AA36: =IF(OR($A36="",$W36="Closed"),"",$U36-ReportDate) -> 10 | AB36: =IF($A36="","",IF($W36="Closed",IF($Y36<=$U36,"Closed on time","Closed late"),IF($W36="Awaiting ID","Paused",IF($AA36<0,"Overdue",IF($AA36<=RedDays,"Red",IF($AA36<=AmberDays,"Amber","Green")))))) -> Amber | AC36: =IF(OR($A36="",$Y36=""),"",IF($Y36<=$U36,"Y","N")) | AD36: N | AF36: =IF($A36="","",IF(IF(OR($B36="",$C36="",$D36="",$V36="",$W36=""),"missing required field; ","")&IF(COUNTIF($A$2:$A$201,$A36)>1,"duplicate ID; ","")&IF(AND($B36<>"",$B36>ReportDate),"received after snapshot date; ","")&IF(AND($I36<>"",$B36<>"",$I36<$B36),"acknowledged before receipt; ","")&IF(AND($K36="Y",$L36="",$W36<>"Logged"),"ID requested date missing; ","")&IF(AND($L36<>"",$M36<>"",$M36<$L36),"ID dates out of order; ","")&IF(AND($K36<>"Y",OR($L36<>"",$W36="Awaiting ID")),"ID fields used but ID_Check_Needed is not Y; ","")&IF(AND($R36="Y",$S36=""),"extension notice date missing; ","")&IF(AND($R36<>"Y",$S36<>""),"notice date but Extended is not Y; ","")&IF(AND($W36="Closed",$Y36=""),"closed without response date; ","")&IF(AND($Y36<>"",$W36<>"Closed"),"response date but status not Closed; ","")&IF(AND($Y36<>"",$B36<>"",$Y36<$B36),"response before receipt; ","")&IF(AND($AD36="Y",$AE36=""),"exemption needs a reason in Notes; ","")="","OK","Check: "&IF(OR($B36="",$C36="",$D36="",$V36="",$W36=""),"missing required field; ","")&IF(COUNTIF($A$2:$A$201,$A36)>1,"duplicate ID; ","")&IF(AND($B36<>"",$B36>ReportDate),"received after snapshot date; ","")&IF(AND($I36<>"",$B36<>"",$I36<$B36),"acknowledged before receipt; ","")&IF(AND($K36="Y",$L36="",$W36<>"Logged"),"ID requested date missing; ","")&IF(AND($L36<>"",$M36<>"",$M36<$L36),"ID dates out of order; ","")&IF(AND($K36<>"Y",OR($L36<>"",$W36="Awaiting ID")),"ID fields used but ID_Check_Needed is not Y; ","")&IF(AND($R36="Y",$S36=""),"extension notice date missing; ","")&IF(AND($R36<>"Y",$S36<>""),"notice date but Extended is not Y; ","")&IF(AND($W36="Closed",$Y36=""),"closed without response date; ","")&IF(AND($Y36<>"",$W36<>"Closed"),"response date but status not Closed; ","")&IF(AND($Y36<>"",$B36<>"",$Y36<$B36),"response before receipt; ","")&IF(AND($AD36="Y",$AE36=""),"exemption needs a reason in Notes; ",""))) -> OK
A37: DSR-2026-036 | B37: 46307 | C37: Privacy mailbox | D37: Objection - direct marketing | E37: =IF($A37="","",IFERROR(VLOOKUP($D37,ReqTypes,2,FALSE),"?")) -> Art 21(2) | F37: =IF($A37="","",IFERROR(VLOOKUP($D37,ReqTypes,3,FALSE),"?")) -> Y | G37: Customer | H37: Loyalty & Marketing | I37: 46308 | J37: =IF(OR($A37="",$I37=""),"",IF(NETWORKDAYS($B37,$I37,Holidays)-1<=AckDays,"Y","N")) -> Y | K37: N | N37: =IF(OR($A37="",$K37<>"Y"),"",IF($L37="","Pending",IF($L37-$B37<=IDPromptDays,"Y","Check"))) | O37: =IF($A37="","",IF(OR($K37<>"Y",$L37=""),0,IF($M37="",MAX(0,ReportDate-$L37),$M37-$L37))) -> 0 | P37: =IF($A37="","",IF($F37<>"Y","n/a",WORKDAY(EDATE($B37,1)+$O37-1,1,Holidays))) -> 46338 | Q37: =IF($A37="","",$B37+$O37+InternalDays) -> 46322 | R37: N | T37: =IF(OR($A37="",$R37<>"Y"),"",IF($S37="","Missing",IF(AND($F37="Y",$S37<=$P37),"Y","Late"))) | U37: =IF($A37="","",IF($F37<>"Y",$Q37,IF(AND($R37="Y",$T37="Y"),WORKDAY(EDATE($B37,3)+$O37-1,1,Holidays),$P37))) -> 46338 | V37: Marketing | W37: Closed | X37: N | Y37: 46309 | Z37: =IF($A37="","",IF($Y37<>"",$Y37-$B37,ReportDate-$B37)) -> 2 | AA37: =IF(OR($A37="",$W37="Closed"),"",$U37-ReportDate) | AB37: =IF($A37="","",IF($W37="Closed",IF($Y37<=$U37,"Closed on time","Closed late"),IF($W37="Awaiting ID","Paused",IF($AA37<0,"Overdue",IF($AA37<=RedDays,"Red",IF($AA37<=AmberDays,"Amber","Green")))))) -> Closed on time | AC37: =IF(OR($A37="",$Y37=""),"",IF($Y37<=$U37,"Y","N")) -> Y | AD37: N | AF37: =IF($A37="","",IF(IF(OR($B37="",$C37="",$D37="",$V37="",$W37=""),"missing required field; ","")&IF(COUNTIF($A$2:$A$201,$A37)>1,"duplicate ID; ","")&IF(AND($B37<>"",$B37>ReportDate),"received after snapshot date; ","")&IF(AND($I37<>"",$B37<>"",$I37<$B37),"acknowledged before receipt; ","")&IF(AND($K37="Y",$L37="",$W37<>"Logged"),"ID requested date missing; ","")&IF(AND($L37<>"",$M37<>"",$M37<$L37),"ID dates out of order; ","")&IF(AND($K37<>"Y",OR($L37<>"",$W37="Awaiting ID")),"ID fields used but ID_Check_Needed is not Y; ","")&IF(AND($R37="Y",$S37=""),"extension notice date missing; ","")&IF(AND($R37<>"Y",$S37<>""),"notice date but Extended is not Y; ","")&IF(AND($W37="Closed",$Y37=""),"closed without response date; ","")&IF(AND($Y37<>"",$W37<>"Closed"),"response date but status not Closed; ","")&IF(AND($Y37<>"",$B37<>"",$Y37<$B37),"response before receipt; ","")&IF(AND($AD37="Y",$AE37=""),"exemption needs a reason in Notes; ","")="","OK","Check: "&IF(OR($B37="",$C37="",$D37="",$V37="",$W37=""),"missing required field; ","")&IF(COUNTIF($A$2:$A$201,$A37)>1,"duplicate ID; ","")&IF(AND($B37<>"",$B37>ReportDate),"received after snapshot date; ","")&IF(AND($I37<>"",$B37<>"",$I37<$B37),"acknowledged before receipt; ","")&IF(AND($K37="Y",$L37="",$W37<>"Logged"),"ID requested date missing; ","")&IF(AND($L37<>"",$M37<>"",$M37<$L37),"ID dates out of order; ","")&IF(AND($K37<>"Y",OR($L37<>"",$W37="Awaiting ID")),"ID fields used but ID_Check_Needed is not Y; ","")&IF(AND($R37="Y",$S37=""),"extension notice date missing; ","")&IF(AND($R37<>"Y",$S37<>""),"notice date but Extended is not Y; ","")&IF(AND($W37="Closed",$Y37=""),"closed without response date; ","")&IF(AND($Y37<>"",$W37<>"Closed"),"response date but status not Closed; ","")&IF(AND($Y37<>"",$B37<>"",$Y37<$B37),"response before receipt; ","")&IF(AND($AD37="Y",$AE37=""),"exemption needs a reason in Notes; ",""))) -> OK
A38: DSR-2026-037 | B38: 46314 | C38: Web form | D38: Erasure | E38: =IF($A38="","",IFERROR(VLOOKUP($D38,ReqTypes,2,FALSE),"?")) -> Art 17 | F38: =IF($A38="","",IFERROR(VLOOKUP($D38,ReqTypes,3,FALSE),"?")) -> Y | G38: Customer | H38: Loyalty & Marketing | I38: 46315 | J38: =IF(OR($A38="",$I38=""),"",IF(NETWORKDAYS($B38,$I38,Holidays)-1<=AckDays,"Y","N")) -> Y | K38: N | N38: =IF(OR($A38="",$K38<>"Y"),"",IF($L38="","Pending",IF($L38-$B38<=IDPromptDays,"Y","Check"))) | O38: =IF($A38="","",IF(OR($K38<>"Y",$L38=""),0,IF($M38="",MAX(0,ReportDate-$L38),$M38-$L38))) -> 0 | P38: =IF($A38="","",IF($F38<>"Y","n/a",WORKDAY(EDATE($B38,1)+$O38-1,1,Holidays))) -> 46345 | Q38: =IF($A38="","",$B38+$O38+InternalDays) -> 46329 | R38: N | T38: =IF(OR($A38="",$R38<>"Y"),"",IF($S38="","Missing",IF(AND($F38="Y",$S38<=$P38),"Y","Late"))) | U38: =IF($A38="","",IF($F38<>"Y",$Q38,IF(AND($R38="Y",$T38="Y"),WORKDAY(EDATE($B38,3)+$O38-1,1,Holidays),$P38))) -> 46345 | V38: IT | W38: In progress | X38: N | Z38: =IF($A38="","",IF($Y38<>"",$Y38-$B38,ReportDate-$B38)) -> 11 | AA38: =IF(OR($A38="",$W38="Closed"),"",$U38-ReportDate) -> 20 | AB38: =IF($A38="","",IF($W38="Closed",IF($Y38<=$U38,"Closed on time","Closed late"),IF($W38="Awaiting ID","Paused",IF($AA38<0,"Overdue",IF($AA38<=RedDays,"Red",IF($AA38<=AmberDays,"Amber","Green")))))) -> Green | AC38: =IF(OR($A38="",$Y38=""),"",IF($Y38<=$U38,"Y","N")) | AD38: N | AF38: =IF($A38="","",IF(IF(OR($B38="",$C38="",$D38="",$V38="",$W38=""),"missing required field; ","")&IF(COUNTIF($A$2:$A$201,$A38)>1,"duplicate ID; ","")&IF(AND($B38<>"",$B38>ReportDate),"received after snapshot date; ","")&IF(AND($I38<>"",$B38<>"",$I38<$B38),"acknowledged before receipt; ","")&IF(AND($K38="Y",$L38="",$W38<>"Logged"),"ID requested date missing; ","")&IF(AND($L38<>"",$M38<>"",$M38<$L38),"ID dates out of order; ","")&IF(AND($K38<>"Y",OR($L38<>"",$W38="Awaiting ID")),"ID fields used but ID_Check_Needed is not Y; ","")&IF(AND($R38="Y",$S38=""),"extension notice date missing; ","")&IF(AND($R38<>"Y",$S38<>""),"notice date but Extended is not Y; ","")&IF(AND($W38="Closed",$Y38=""),"closed without response date; ","")&IF(AND($Y38<>"",$W38<>"Closed"),"response date but status not Closed; ","")&IF(AND($Y38<>"",$B38<>"",$Y38<$B38),"response before receipt; ","")&IF(AND($AD38="Y",$AE38=""),"exemption needs a reason in Notes; ","")="","OK","Check: "&IF(OR($B38="",$C38="",$D38="",$V38="",$W38=""),"missing required field; ","")&IF(COUNTIF($A$2:$A$201,$A38)>1,"duplicate ID; ","")&IF(AND($B38<>"",$B38>ReportDate),"received after snapshot date; ","")&IF(AND($I38<>"",$B38<>"",$I38<$B38),"acknowledged before receipt; ","")&IF(AND($K38="Y",$L38="",$W38<>"Logged"),"ID requested date missing; ","")&IF(AND($L38<>"",$M38<>"",$M38<$L38),"ID dates out of order; ","")&IF(AND($K38<>"Y",OR($L38<>"",$W38="Awaiting ID")),"ID fields used but ID_Check_Needed is not Y; ","")&IF(AND($R38="Y",$S38=""),"extension notice date missing; ","")&IF(AND($R38<>"Y",$S38<>""),"notice date but Extended is not Y; ","")&IF(AND($W38="Closed",$Y38=""),"closed without response date; ","")&IF(AND($Y38<>"",$W38<>"Closed"),"response date but status not Closed; ","")&IF(AND($Y38<>"",$B38<>"",$Y38<$B38),"response before receipt; ","")&IF(AND($AD38="Y",$AE38=""),"exemption needs a reason in Notes; ",""))) -> OK
A39: DSR-2026-038 | B39: 46315 | C39: In-store | D39: Access | E39: =IF($A39="","",IFERROR(VLOOKUP($D39,ReqTypes,2,FALSE),"?")) -> Art 15 | F39: =IF($A39="","",IFERROR(VLOOKUP($D39,ReqTypes,3,FALSE),"?")) -> Y | G39: Customer | H39: CCTV & Security | I39: 46316 | J39: =IF(OR($A39="",$I39=""),"",IF(NETWORKDAYS($B39,$I39,Holidays)-1<=AckDays,"Y","N")) -> Y | K39: Y | L39: 46316 | N39: =IF(OR($A39="",$K39<>"Y"),"",IF($L39="","Pending",IF($L39-$B39<=IDPromptDays,"Y","Check"))) -> Y | O39: =IF($A39="","",IF(OR($K39<>"Y",$L39=""),0,IF($M39="",MAX(0,ReportDate-$L39),$M39-$L39))) -> 9 | P39: =IF($A39="","",IF($F39<>"Y","n/a",WORKDAY(EDATE($B39,1)+$O39-1,1,Holidays))) -> 46356 | Q39: =IF($A39="","",$B39+$O39+InternalDays) -> 46339 | R39: N | T39: =IF(OR($A39="",$R39<>"Y"),"",IF($S39="","Missing",IF(AND($F39="Y",$S39<=$P39),"Y","Late"))) | U39: =IF($A39="","",IF($F39<>"Y",$Q39,IF(AND($R39="Y",$T39="Y"),WORKDAY(EDATE($B39,3)+$O39-1,1,Holidays),$P39))) -> 46356 | V39: Privacy Analyst | W39: Awaiting ID | X39: N | Z39: =IF($A39="","",IF($Y39<>"",$Y39-$B39,ReportDate-$B39)) -> 10 | AA39: =IF(OR($A39="",$W39="Closed"),"",$U39-ReportDate) -> 31 | AB39: =IF($A39="","",IF($W39="Closed",IF($Y39<=$U39,"Closed on time","Closed late"),IF($W39="Awaiting ID","Paused",IF($AA39<0,"Overdue",IF($AA39<=RedDays,"Red",IF($AA39<=AmberDays,"Amber","Green")))))) -> Paused | AC39: =IF(OR($A39="",$Y39=""),"",IF($Y39<=$U39,"Y","N")) | AD39: N | AE39: Awaiting proof of identity: clock paused | AF39: =IF($A39="","",IF(IF(OR($B39="",$C39="",$D39="",$V39="",$W39=""),"missing required field; ","")&IF(COUNTIF($A$2:$A$201,$A39)>1,"duplicate ID; ","")&IF(AND($B39<>"",$B39>ReportDate),"received after snapshot date; ","")&IF(AND($I39<>"",$B39<>"",$I39<$B39),"acknowledged before receipt; ","")&IF(AND($K39="Y",$L39="",$W39<>"Logged"),"ID requested date missing; ","")&IF(AND($L39<>"",$M39<>"",$M39<$L39),"ID dates out of order; ","")&IF(AND($K39<>"Y",OR($L39<>"",$W39="Awaiting ID")),"ID fields used but ID_Check_Needed is not Y; ","")&IF(AND($R39="Y",$S39=""),"extension notice date missing; ","")&IF(AND($R39<>"Y",$S39<>""),"notice date but Extended is not Y; ","")&IF(AND($W39="Closed",$Y39=""),"closed without response date; ","")&IF(AND($Y39<>"",$W39<>"Closed"),"response date but status not Closed; ","")&IF(AND($Y39<>"",$B39<>"",$Y39<$B39),"response before receipt; ","")&IF(AND($AD39="Y",$AE39=""),"exemption needs a reason in Notes; ","")="","OK","Check: "&IF(OR($B39="",$C39="",$D39="",$V39="",$W39=""),"missing required field; ","")&IF(COUNTIF($A$2:$A$201,$A39)>1,"duplicate ID; ","")&IF(AND($B39<>"",$B39>ReportDate),"received after snapshot date; ","")&IF(AND($I39<>"",$B39<>"",$I39<$B39),"acknowledged before receipt; ","")&IF(AND($K39="Y",$L39="",$W39<>"Logged"),"ID requested date missing; ","")&IF(AND($L39<>"",$M39<>"",$M39<$L39),"ID dates out of order; ","")&IF(AND($K39<>"Y",OR($L39<>"",$W39="Awaiting ID")),"ID fields used but ID_Check_Needed is not Y; ","")&IF(AND($R39="Y",$S39=""),"extension notice date missing; ","")&IF(AND($R39<>"Y",$S39<>""),"notice date but Extended is not Y; ","")&IF(AND($W39="Closed",$Y39=""),"closed without response date; ","")&IF(AND($Y39<>"",$W39<>"Closed"),"response date but status not Closed; ","")&IF(AND($Y39<>"",$B39<>"",$Y39<$B39),"response before receipt; ","")&IF(AND($AD39="Y",$AE39=""),"exemption needs a reason in Notes; ",""))) -> OK
A40: DSR-2026-039 | B40: 46321 | C40: Privacy mailbox | D40: Complaint | E40: =IF($A40="","",IFERROR(VLOOKUP($D40,ReqTypes,2,FALSE),"?")) -> n/a | F40: =IF($A40="","",IFERROR(VLOOKUP($D40,ReqTypes,3,FALSE),"?")) -> N | G40: Customer | H40: Customer Service | I40: 46322 | J40: =IF(OR($A40="",$I40=""),"",IF(NETWORKDAYS($B40,$I40,Holidays)-1<=AckDays,"Y","N")) -> Y | K40: N | N40: =IF(OR($A40="",$K40<>"Y"),"",IF($L40="","Pending",IF($L40-$B40<=IDPromptDays,"Y","Check"))) | O40: =IF($A40="","",IF(OR($K40<>"Y",$L40=""),0,IF($M40="",MAX(0,ReportDate-$L40),$M40-$L40))) -> 0 | P40: =IF($A40="","",IF($F40<>"Y","n/a",WORKDAY(EDATE($B40,1)+$O40-1,1,Holidays))) -> n/a | Q40: =IF($A40="","",$B40+$O40+InternalDays) -> 46336 | R40: N | T40: =IF(OR($A40="",$R40<>"Y"),"",IF($S40="","Missing",IF(AND($F40="Y",$S40<=$P40),"Y","Late"))) | U40: =IF($A40="","",IF($F40<>"Y",$Q40,IF(AND($R40="Y",$T40="Y"),WORKDAY(EDATE($B40,3)+$O40-1,1,Holidays),$P40))) -> 46336 | V40: Privacy Manager | W40: In progress | X40: N | Z40: =IF($A40="","",IF($Y40<>"",$Y40-$B40,ReportDate-$B40)) -> 4 | AA40: =IF(OR($A40="",$W40="Closed"),"",$U40-ReportDate) -> 11 | AB40: =IF($A40="","",IF($W40="Closed",IF($Y40<=$U40,"Closed on time","Closed late"),IF($W40="Awaiting ID","Paused",IF($AA40<0,"Overdue",IF($AA40<=RedDays,"Red",IF($AA40<=AmberDays,"Amber","Green")))))) -> Amber | AC40: =IF(OR($A40="",$Y40=""),"",IF($Y40<=$U40,"Y","N")) | AD40: N | AE40: Email received on the October bank holiday | AF40: =IF($A40="","",IF(IF(OR($B40="",$C40="",$D40="",$V40="",$W40=""),"missing required field; ","")&IF(COUNTIF($A$2:$A$201,$A40)>1,"duplicate ID; ","")&IF(AND($B40<>"",$B40>ReportDate),"received after snapshot date; ","")&IF(AND($I40<>"",$B40<>"",$I40<$B40),"acknowledged before receipt; ","")&IF(AND($K40="Y",$L40="",$W40<>"Logged"),"ID requested date missing; ","")&IF(AND($L40<>"",$M40<>"",$M40<$L40),"ID dates out of order; ","")&IF(AND($K40<>"Y",OR($L40<>"",$W40="Awaiting ID")),"ID fields used but ID_Check_Needed is not Y; ","")&IF(AND($R40="Y",$S40=""),"extension notice date missing; ","")&IF(AND($R40<>"Y",$S40<>""),"notice date but Extended is not Y; ","")&IF(AND($W40="Closed",$Y40=""),"closed without response date; ","")&IF(AND($Y40<>"",$W40<>"Closed"),"response date but status not Closed; ","")&IF(AND($Y40<>"",$B40<>"",$Y40<$B40),"response before receipt; ","")&IF(AND($AD40="Y",$AE40=""),"exemption needs a reason in Notes; ","")="","OK","Check: "&IF(OR($B40="",$C40="",$D40="",$V40="",$W40=""),"missing required field; ","")&IF(COUNTIF($A$2:$A$201,$A40)>1,"duplicate ID; ","")&IF(AND($B40<>"",$B40>ReportDate),"received after snapshot date; ","")&IF(AND($I40<>"",$B40<>"",$I40<$B40),"acknowledged before receipt; ","")&IF(AND($K40="Y",$L40="",$W40<>"Logged"),"ID requested date missing; ","")&IF(AND($L40<>"",$M40<>"",$M40<$L40),"ID dates out of order; ","")&IF(AND($K40<>"Y",OR($L40<>"",$W40="Awaiting ID")),"ID fields used but ID_Check_Needed is not Y; ","")&IF(AND($R40="Y",$S40=""),"extension notice date missing; ","")&IF(AND($R40<>"Y",$S40<>""),"notice date but Extended is not Y; ","")&IF(AND($W40="Closed",$Y40=""),"closed without response date; ","")&IF(AND($Y40<>"",$W40<>"Closed"),"response date but status not Closed; ","")&IF(AND($Y40<>"",$B40<>"",$Y40<$B40),"response before receipt; ","")&IF(AND($AD40="Y",$AE40=""),"exemption needs a reason in Notes; ",""))) -> OK
A41: DSR-2026-040 | B41: 46323 | C41: Privacy mailbox | D41: Access | E41: =IF($A41="","",IFERROR(VLOOKUP($D41,ReqTypes,2,FALSE),"?")) -> Art 15 | F41: =IF($A41="","",IFERROR(VLOOKUP($D41,ReqTypes,3,FALSE),"?")) -> Y | G41: Customer | H41: Online | I41: 46323 | J41: =IF(OR($A41="",$I41=""),"",IF(NETWORKDAYS($B41,$I41,Holidays)-1<=AckDays,"Y","N")) -> Y | K41: N | N41: =IF(OR($A41="",$K41<>"Y"),"",IF($L41="","Pending",IF($L41-$B41<=IDPromptDays,"Y","Check"))) | O41: =IF($A41="","",IF(OR($K41<>"Y",$L41=""),0,IF($M41="",MAX(0,ReportDate-$L41),$M41-$L41))) -> 0 | P41: =IF($A41="","",IF($F41<>"Y","n/a",WORKDAY(EDATE($B41,1)+$O41-1,1,Holidays))) -> 46356 | Q41: =IF($A41="","",$B41+$O41+InternalDays) -> 46338 | R41: N | T41: =IF(OR($A41="",$R41<>"Y"),"",IF($S41="","Missing",IF(AND($F41="Y",$S41<=$P41),"Y","Late"))) | U41: =IF($A41="","",IF($F41<>"Y",$Q41,IF(AND($R41="Y",$T41="Y"),WORKDAY(EDATE($B41,3)+$O41-1,1,Holidays),$P41))) -> 46356 | V41: Privacy Analyst | W41: Logged | X41: N | Z41: =IF($A41="","",IF($Y41<>"",$Y41-$B41,ReportDate-$B41)) -> 2 | AA41: =IF(OR($A41="",$W41="Closed"),"",$U41-ReportDate) -> 31 | AB41: =IF($A41="","",IF($W41="Closed",IF($Y41<=$U41,"Closed on time","Closed late"),IF($W41="Awaiting ID","Paused",IF($AA41<0,"Overdue",IF($AA41<=RedDays,"Red",IF($AA41<=AmberDays,"Amber","Green")))))) -> Green | AC41: =IF(OR($A41="",$Y41=""),"",IF($Y41<=$U41,"Y","N")) | AD41: N | AF41: =IF($A41="","",IF(IF(OR($B41="",$C41="",$D41="",$V41="",$W41=""),"missing required field; ","")&IF(COUNTIF($A$2:$A$201,$A41)>1,"duplicate ID; ","")&IF(AND($B41<>"",$B41>ReportDate),"received after snapshot date; ","")&IF(AND($I41<>"",$B41<>"",$I41<$B41),"acknowledged before receipt; ","")&IF(AND($K41="Y",$L41="",$W41<>"Logged"),"ID requested date missing; ","")&IF(AND($L41<>"",$M41<>"",$M41<$L41),"ID dates out of order; ","")&IF(AND($K41<>"Y",OR($L41<>"",$W41="Awaiting ID")),"ID fields used but ID_Check_Needed is not Y; ","")&IF(AND($R41="Y",$S41=""),"extension notice date missing; ","")&IF(AND($R41<>"Y",$S41<>""),"notice date but Extended is not Y; ","")&IF(AND($W41="Closed",$Y41=""),"closed without response date; ","")&IF(AND($Y41<>"",$W41<>"Closed"),"response date but status not Closed; ","")&IF(AND($Y41<>"",$B41<>"",$Y41<$B41),"response before receipt; ","")&IF(AND($AD41="Y",$AE41=""),"exemption needs a reason in Notes; ","")="","OK","Check: "&IF(OR($B41="",$C41="",$D41="",$V41="",$W41=""),"missing required field; ","")&IF(COUNTIF($A$2:$A$201,$A41)>1,"duplicate ID; ","")&IF(AND($B41<>"",$B41>ReportDate),"received after snapshot date; ","")&IF(AND($I41<>"",$B41<>"",$I41<$B41),"acknowledged before receipt; ","")&IF(AND($K41="Y",$L41="",$W41<>"Logged"),"ID requested date missing; ","")&IF(AND($L41<>"",$M41<>"",$M41<$L41),"ID dates out of order; ","")&IF(AND($K41<>"Y",OR($L41<>"",$W41="Awaiting ID")),"ID fields used but ID_Check_Needed is not Y; ","")&IF(AND($R41="Y",$S41=""),"extension notice date missing; ","")&IF(AND($R41<>"Y",$S41<>""),"notice date but Extended is not Y; ","")&IF(AND($W41="Closed",$Y41=""),"closed without response date; ","")&IF(AND($Y41<>"",$W41<>"Closed"),"response date but status not Closed; ","")&IF(AND($Y41<>"",$B41<>"",$Y41<$B41),"response before receipt; ","")&IF(AND($AD41="Y",$AE41=""),"exemption needs a reason in Notes; ",""))) -> OK
E42: =IF($A42="","",IFERROR(VLOOKUP($D42,ReqTypes,2,FALSE),"?")) | F42: =IF($A42="","",IFERROR(VLOOKUP($D42,ReqTypes,3,FALSE),"?")) | J42: =IF(OR($A42="",$I42=""),"",IF(NETWORKDAYS($B42,$I42,Holidays)-1<=AckDays,"Y","N")) | N42: =IF(OR($A42="",$K42<>"Y"),"",IF($L42="","Pending",IF($L42-$B42<=IDPromptDays,"Y","Check"))) | O42: =IF($A42="","",IF(OR($K42<>"Y",$L42=""),0,IF($M42="",MAX(0,ReportDate-$L42),$M42-$L42))) | P42: =IF($A42="","",IF($F42<>"Y","n/a",WORKDAY(EDATE($B42,1)+$O42-1,1,Holidays))) | Q42: =IF($A42="","",$B42+$O42+InternalDays) | T42: =IF(OR($A42="",$R42<>"Y"),"",IF($S42="","Missing",IF(AND($F42="Y",$S42<=$P42),"Y","Late"))) | U42: =IF($A42="","",IF($F42<>"Y",$Q42,IF(AND($R42="Y",$T42="Y"),WORKDAY(EDATE($B42,3)+$O42-1,1,Holidays),$P42))) | Z42: =IF($A42="","",IF($Y42<>"",$Y42-$B42,ReportDate-$B42)) | AA42: =IF(OR($A42="",$W42="Closed"),"",$U42-ReportDate) | AB42: =IF($A42="","",IF($W42="Closed",IF($Y42<=$U42,"Closed on time","Closed late"),IF($W42="Awaiting ID","Paused",IF($AA42<0,"Overdue",IF($AA42<=RedDays,"Red",IF($AA42<=AmberDays,"Amber","Green")))))) | AC42: =IF(OR($A42="",$Y42=""),"",IF($Y42<=$U42,"Y","N")) | AF42: =IF($A42="","",IF(IF(OR($B42="",$C42="",$D42="",$V42="",$W42=""),"missing required field; ","")&IF(COUNTIF($A$2:$A$201,$A42)>1,"duplicate ID; ","")&IF(AND($B42<>"",$B42>ReportDate),"received after snapshot date; ","")&IF(AND($I42<>"",$B42<>"",$I42<$B42),"acknowledged before receipt; ","")&IF(AND($K42="Y",$L42="",$W42<>"Logged"),"ID requested date missing; ","")&IF(AND($L42<>"",$M42<>"",$M42<$L42),"ID dates out of order; ","")&IF(AND($K42<>"Y",OR($L42<>"",$W42="Awaiting ID")),"ID fields used but ID_Check_Needed is not Y; ","")&IF(AND($R42="Y",$S42=""),"extension notice date missing; ","")&IF(AND($R42<>"Y",$S42<>""),"notice date but Extended is not Y; ","")&IF(AND($W42="Closed",$Y42=""),"closed without response date; ","")&IF(AND($Y42<>"",$W42<>"Closed"),"response date but status not Closed; ","")&IF(AND($Y42<>"",$B42<>"",$Y42<$B42),"response before receipt; ","")&IF(AND($AD42="Y",$AE42=""),"exemption needs a reason in Notes; ","")="","OK","Check: "&IF(OR($B42="",$C42="",$D42="",$V42="",$W42=""),"missing required field; ","")&IF(COUNTIF($A$2:$A$201,$A42)>1,"duplicate ID; ","")&IF(AND($B42<>"",$B42>ReportDate),"received after snapshot date; ","")&IF(AND($I42<>"",$B42<>"",$I42<$B42),"acknowledged before receipt; ","")&IF(AND($K42="Y",$L42="",$W42<>"Logged"),"ID requested date missing; ","")&IF(AND($L42<>"",$M42<>"",$M42<$L42),"ID dates out of order; ","")&IF(AND($K42<>"Y",OR($L42<>"",$W42="Awaiting ID")),"ID fields used but ID_Check_Needed is not Y; ","")&IF(AND($R42="Y",$S42=""),"extension notice date missing; ","")&IF(AND($R42<>"Y",$S42<>""),"notice date but Extended is not Y; ","")&IF(AND($W42="Closed",$Y42=""),"closed without response date; ","")&IF(AND($Y42<>"",$W42<>"Closed"),"response date but status not Closed; ","")&IF(AND($Y42<>"",$B42<>"",$Y42<$B42),"response before receipt; ","")&IF(AND($AD42="Y",$AE42=""),"exemption needs a reason in Notes; ","")))
E43: =IF($A43="","",IFERROR(VLOOKUP($D43,ReqTypes,2,FALSE),"?")) | F43: =IF($A43="","",IFERROR(VLOOKUP($D43,ReqTypes,3,FALSE),"?")) | J43: =IF(OR($A43="",$I43=""),"",IF(NETWORKDAYS($B43,$I43,Holidays)-1<=AckDays,"Y","N")) | N43: =IF(OR($A43="",$K43<>"Y"),"",IF($L43="","Pending",IF($L43-$B43<=IDPromptDays,"Y","Check"))) | O43: =IF($A43="","",IF(OR($K43<>"Y",$L43=""),0,IF($M43="",MAX(0,ReportDate-$L43),$M43-$L43))) | P43: =IF($A43="","",IF($F43<>"Y","n/a",WORKDAY(EDATE($B43,1)+$O43-1,1,Holidays))) | Q43: =IF($A43="","",$B43+$O43+InternalDays) | T43: =IF(OR($A43="",$R43<>"Y"),"",IF($S43="","Missing",IF(AND($F43="Y",$S43<=$P43),"Y","Late"))) | U43: =IF($A43="","",IF($F43<>"Y",$Q43,IF(AND($R43="Y",$T43="Y"),WORKDAY(EDATE($B43,3)+$O43-1,1,Holidays),$P43))) | Z43: =IF($A43="","",IF($Y43<>"",$Y43-$B43,ReportDate-$B43)) | AA43: =IF(OR($A43="",$W43="Closed"),"",$U43-ReportDate) | AB43: =IF($A43="","",IF($W43="Closed",IF($Y43<=$U43,"Closed on time","Closed late"),IF($W43="Awaiting ID","Paused",IF($AA43<0,"Overdue",IF($AA43<=RedDays,"Red",IF($AA43<=AmberDays,"Amber","Green")))))) | AC43: =IF(OR($A43="",$Y43=""),"",IF($Y43<=$U43,"Y","N")) | AF43: =IF($A43="","",IF(IF(OR($B43="",$C43="",$D43="",$V43="",$W43=""),"missing required field; ","")&IF(COUNTIF($A$2:$A$201,$A43)>1,"duplicate ID; ","")&IF(AND($B43<>"",$B43>ReportDate),"received after snapshot date; ","")&IF(AND($I43<>"",$B43<>"",$I43<$B43),"acknowledged before receipt; ","")&IF(AND($K43="Y",$L43="",$W43<>"Logged"),"ID requested date missing; ","")&IF(AND($L43<>"",$M43<>"",$M43<$L43),"ID dates out of order; ","")&IF(AND($K43<>"Y",OR($L43<>"",$W43="Awaiting ID")),"ID fields used but ID_Check_Needed is not Y; ","")&IF(AND($R43="Y",$S43=""),"extension notice date missing; ","")&IF(AND($R43<>"Y",$S43<>""),"notice date but Extended is not Y; ","")&IF(AND($W43="Closed",$Y43=""),"closed without response date; ","")&IF(AND($Y43<>"",$W43<>"Closed"),"response date but status not Closed; ","")&IF(AND($Y43<>"",$B43<>"",$Y43<$B43),"response before receipt; ","")&IF(AND($AD43="Y",$AE43=""),"exemption needs a reason in Notes; ","")="","OK","Check: "&IF(OR($B43="",$C43="",$D43="",$V43="",$W43=""),"missing required field; ","")&IF(COUNTIF($A$2:$A$201,$A43)>1,"duplicate ID; ","")&IF(AND($B43<>"",$B43>ReportDate),"received after snapshot date; ","")&IF(AND($I43<>"",$B43<>"",$I43<$B43),"acknowledged before receipt; ","")&IF(AND($K43="Y",$L43="",$W43<>"Logged"),"ID requested date missing; ","")&IF(AND($L43<>"",$M43<>"",$M43<$L43),"ID dates out of order; ","")&IF(AND($K43<>"Y",OR($L43<>"",$W43="Awaiting ID")),"ID fields used but ID_Check_Needed is not Y; ","")&IF(AND($R43="Y",$S43=""),"extension notice date missing; ","")&IF(AND($R43<>"Y",$S43<>""),"notice date but Extended is not Y; ","")&IF(AND($W43="Closed",$Y43=""),"closed without response date; ","")&IF(AND($Y43<>"",$W43<>"Closed"),"response date but status not Closed; ","")&IF(AND($Y43<>"",$B43<>"",$Y43<$B43),"response before receipt; ","")&IF(AND($AD43="Y",$AE43=""),"exemption needs a reason in Notes; ","")))
E44: =IF($A44="","",IFERROR(VLOOKUP($D44,ReqTypes,2,FALSE),"?")) | F44: =IF($A44="","",IFERROR(VLOOKUP($D44,ReqTypes,3,FALSE),"?")) | J44: =IF(OR($A44="",$I44=""),"",IF(NETWORKDAYS($B44,$I44,Holidays)-1<=AckDays,"Y","N")) | N44: =IF(OR($A44="",$K44<>"Y"),"",IF($L44="","Pending",IF($L44-$B44<=IDPromptDays,"Y","Check"))) | O44: =IF($A44="","",IF(OR($K44<>"Y",$L44=""),0,IF($M44="",MAX(0,ReportDate-$L44),$M44-$L44))) | P44: =IF($A44="","",IF($F44<>"Y","n/a",WORKDAY(EDATE($B44,1)+$O44-1,1,Holidays))) | Q44: =IF($A44="","",$B44+$O44+InternalDays) | T44: =IF(OR($A44="",$R44<>"Y"),"",IF($S44="","Missing",IF(AND($F44="Y",$S44<=$P44),"Y","Late"))) | U44: =IF($A44="","",IF($F44<>"Y",$Q44,IF(AND($R44="Y",$T44="Y"),WORKDAY(EDATE($B44,3)+$O44-1,1,Holidays),$P44))) | Z44: =IF($A44="","",IF($Y44<>"",$Y44-$B44,ReportDate-$B44)) | AA44: =IF(OR($A44="",$W44="Closed"),"",$U44-ReportDate) | AB44: =IF($A44="","",IF($W44="Closed",IF($Y44<=$U44,"Closed on time","Closed late"),IF($W44="Awaiting ID","Paused",IF($AA44<0,"Overdue",IF($AA44<=RedDays,"Red",IF($AA44<=AmberDays,"Amber","Green")))))) | AC44: =IF(OR($A44="",$Y44=""),"",IF($Y44<=$U44,"Y","N")) | AF44: =IF($A44="","",IF(IF(OR($B44="",$C44="",$D44="",$V44="",$W44=""),"missing required field; ","")&IF(COUNTIF($A$2:$A$201,$A44)>1,"duplicate ID; ","")&IF(AND($B44<>"",$B44>ReportDate),"received after snapshot date; ","")&IF(AND($I44<>"",$B44<>"",$I44<$B44),"acknowledged before receipt; ","")&IF(AND($K44="Y",$L44="",$W44<>"Logged"),"ID requested date missing; ","")&IF(AND($L44<>"",$M44<>"",$M44<$L44),"ID dates out of order; ","")&IF(AND($K44<>"Y",OR($L44<>"",$W44="Awaiting ID")),"ID fields used but ID_Check_Needed is not Y; ","")&IF(AND($R44="Y",$S44=""),"extension notice date missing; ","")&IF(AND($R44<>"Y",$S44<>""),"notice date but Extended is not Y; ","")&IF(AND($W44="Closed",$Y44=""),"closed without response date; ","")&IF(AND($Y44<>"",$W44<>"Closed"),"response date but status not Closed; ","")&IF(AND($Y44<>"",$B44<>"",$Y44<$B44),"response before receipt; ","")&IF(AND($AD44="Y",$AE44=""),"exemption needs a reason in Notes; ","")="","OK","Check: "&IF(OR($B44="",$C44="",$D44="",$V44="",$W44=""),"missing required field; ","")&IF(COUNTIF($A$2:$A$201,$A44)>1,"duplicate ID; ","")&IF(AND($B44<>"",$B44>ReportDate),"received after snapshot date; ","")&IF(AND($I44<>"",$B44<>"",$I44<$B44),"acknowledged before receipt; ","")&IF(AND($K44="Y",$L44="",$W44<>"Logged"),"ID requested date missing; ","")&IF(AND($L44<>"",$M44<>"",$M44<$L44),"ID dates out of order; ","")&IF(AND($K44<>"Y",OR($L44<>"",$W44="Awaiting ID")),"ID fields used but ID_Check_Needed is not Y; ","")&IF(AND($R44="Y",$S44=""),"extension notice date missing; ","")&IF(AND($R44<>"Y",$S44<>""),"notice date but Extended is not Y; ","")&IF(AND($W44="Closed",$Y44=""),"closed without response date; ","")&IF(AND($Y44<>"",$W44<>"Closed"),"response date but status not Closed; ","")&IF(AND($Y44<>"",$B44<>"",$Y44<$B44),"response before receipt; ","")&IF(AND($AD44="Y",$AE44=""),"exemption needs a reason in Notes; ","")))
E45: =IF($A45="","",IFERROR(VLOOKUP($D45,ReqTypes,2,FALSE),"?")) | F45: =IF($A45="","",IFERROR(VLOOKUP($D45,ReqTypes,3,FALSE),"?")) | J45: =IF(OR($A45="",$I45=""),"",IF(NETWORKDAYS($B45,$I45,Holidays)-1<=AckDays,"Y","N")) | N45: =IF(OR($A45="",$K45<>"Y"),"",IF($L45="","Pending",IF($L45-$B45<=IDPromptDays,"Y","Check"))) | O45: =IF($A45="","",IF(OR($K45<>"Y",$L45=""),0,IF($M45="",MAX(0,ReportDate-$L45),$M45-$L45))) | P45: =IF($A45="","",IF($F45<>"Y","n/a",WORKDAY(EDATE($B45,1)+$O45-1,1,Holidays))) | Q45: =IF($A45="","",$B45+$O45+InternalDays) | T45: =IF(OR($A45="",$R45<>"Y"),"",IF($S45="","Missing",IF(AND($F45="Y",$S45<=$P45),"Y","Late"))) | U45: =IF($A45="","",IF($F45<>"Y",$Q45,IF(AND($R45="Y",$T45="Y"),WORKDAY(EDATE($B45,3)+$O45-1,1,Holidays),$P45))) | Z45: =IF($A45="","",IF($Y45<>"",$Y45-$B45,ReportDate-$B45)) | AA45: =IF(OR($A45="",$W45="Closed"),"",$U45-ReportDate) | AB45: =IF($A45="","",IF($W45="Closed",IF($Y45<=$U45,"Closed on time","Closed late"),IF($W45="Awaiting ID","Paused",IF($AA45<0,"Overdue",IF($AA45<=RedDays,"Red",IF($AA45<=AmberDays,"Amber","Green")))))) | AC45: =IF(OR($A45="",$Y45=""),"",IF($Y45<=$U45,"Y","N")) | AF45: =IF($A45="","",IF(IF(OR($B45="",$C45="",$D45="",$V45="",$W45=""),"missing required field; ","")&IF(COUNTIF($A$2:$A$201,$A45)>1,"duplicate ID; ","")&IF(AND($B45<>"",$B45>ReportDate),"received after snapshot date; ","")&IF(AND($I45<>"",$B45<>"",$I45<$B45),"acknowledged before receipt; ","")&IF(AND($K45="Y",$L45="",$W45<>"Logged"),"ID requested date missing; ","")&IF(AND($L45<>"",$M45<>"",$M45<$L45),"ID dates out of order; ","")&IF(AND($K45<>"Y",OR($L45<>"",$W45="Awaiting ID")),"ID fields used but ID_Check_Needed is not Y; ","")&IF(AND($R45="Y",$S45=""),"extension notice date missing; ","")&IF(AND($R45<>"Y",$S45<>""),"notice date but Extended is not Y; ","")&IF(AND($W45="Closed",$Y45=""),"closed without response date; ","")&IF(AND($Y45<>"",$W45<>"Closed"),"response date but status not Closed; ","")&IF(AND($Y45<>"",$B45<>"",$Y45<$B45),"response before receipt; ","")&IF(AND($AD45="Y",$AE45=""),"exemption needs a reason in Notes; ","")="","OK","Check: "&IF(OR($B45="",$C45="",$D45="",$V45="",$W45=""),"missing required field; ","")&IF(COUNTIF($A$2:$A$201,$A45)>1,"duplicate ID; ","")&IF(AND($B45<>"",$B45>ReportDate),"received after snapshot date; ","")&IF(AND($I45<>"",$B45<>"",$I45<$B45),"acknowledged before receipt; ","")&IF(AND($K45="Y",$L45="",$W45<>"Logged"),"ID requested date missing; ","")&IF(AND($L45<>"",$M45<>"",$M45<$L45),"ID dates out of order; ","")&IF(AND($K45<>"Y",OR($L45<>"",$W45="Awaiting ID")),"ID fields used but ID_Check_Needed is not Y; ","")&IF(AND($R45="Y",$S45=""),"extension notice date missing; ","")&IF(AND($R45<>"Y",$S45<>""),"notice date but Extended is not Y; ","")&IF(AND($W45="Closed",$Y45=""),"closed without response date; ","")&IF(AND($Y45<>"",$W45<>"Closed"),"response date but status not Closed; ","")&IF(AND($Y45<>"",$B45<>"",$Y45<$B45),"response before receipt; ","")&IF(AND($AD45="Y",$AE45=""),"exemption needs a reason in Notes; ","")))
E46: =IF($A46="","",IFERROR(VLOOKUP($D46,ReqTypes,2,FALSE),"?")) | F46: =IF($A46="","",IFERROR(VLOOKUP($D46,ReqTypes,3,FALSE),"?")) | J46: =IF(OR($A46="",$I46=""),"",IF(NETWORKDAYS($B46,$I46,Holidays)-1<=AckDays,"Y","N")) | N46: =IF(OR($A46="",$K46<>"Y"),"",IF($L46="","Pending",IF($L46-$B46<=IDPromptDays,"Y","Check"))) | O46: =IF($A46="","",IF(OR($K46<>"Y",$L46=""),0,IF($M46="",MAX(0,ReportDate-$L46),$M46-$L46))) | P46: =IF($A46="","",IF($F46<>"Y","n/a",WORKDAY(EDATE($B46,1)+$O46-1,1,Holidays))) | Q46: =IF($A46="","",$B46+$O46+InternalDays) | T46: =IF(OR($A46="",$R46<>"Y"),"",IF($S46="","Missing",IF(AND($F46="Y",$S46<=$P46),"Y","Late"))) | U46: =IF($A46="","",IF($F46<>"Y",$Q46,IF(AND($R46="Y",$T46="Y"),WORKDAY(EDATE($B46,3)+$O46-1,1,Holidays),$P46))) | Z46: =IF($A46="","",IF($Y46<>"",$Y46-$B46,ReportDate-$B46)) | AA46: =IF(OR($A46="",$W46="Closed"),"",$U46-ReportDate) | AB46: =IF($A46="","",IF($W46="Closed",IF($Y46<=$U46,"Closed on time","Closed late"),IF($W46="Awaiting ID","Paused",IF($AA46<0,"Overdue",IF($AA46<=RedDays,"Red",IF($AA46<=AmberDays,"Amber","Green")))))) | AC46: =IF(OR($A46="",$Y46=""),"",IF($Y46<=$U46,"Y","N")) | AF46: =IF($A46="","",IF(IF(OR($B46="",$C46="",$D46="",$V46="",$W46=""),"missing required field; ","")&IF(COUNTIF($A$2:$A$201,$A46)>1,"duplicate ID; ","")&IF(AND($B46<>"",$B46>ReportDate),"received after snapshot date; ","")&IF(AND($I46<>"",$B46<>"",$I46<$B46),"acknowledged before receipt; ","")&IF(AND($K46="Y",$L46="",$W46<>"Logged"),"ID requested date missing; ","")&IF(AND($L46<>"",$M46<>"",$M46<$L46),"ID dates out of order; ","")&IF(AND($K46<>"Y",OR($L46<>"",$W46="Awaiting ID")),"ID fields used but ID_Check_Needed is not Y; ","")&IF(AND($R46="Y",$S46=""),"extension notice date missing; ","")&IF(AND($R46<>"Y",$S46<>""),"notice date but Extended is not Y; ","")&IF(AND($W46="Closed",$Y46=""),"closed without response date; ","")&IF(AND($Y46<>"",$W46<>"Closed"),"response date but status not Closed; ","")&IF(AND($Y46<>"",$B46<>"",$Y46<$B46),"response before receipt; ","")&IF(AND($AD46="Y",$AE46=""),"exemption needs a reason in Notes; ","")="","OK","Check: "&IF(OR($B46="",$C46="",$D46="",$V46="",$W46=""),"missing required field; ","")&IF(COUNTIF($A$2:$A$201,$A46)>1,"duplicate ID; ","")&IF(AND($B46<>"",$B46>ReportDate),"received after snapshot date; ","")&IF(AND($I46<>"",$B46<>"",$I46<$B46),"acknowledged before receipt; ","")&IF(AND($K46="Y",$L46="",$W46<>"Logged"),"ID requested date missing; ","")&IF(AND($L46<>"",$M46<>"",$M46<$L46),"ID dates out of order; ","")&IF(AND($K46<>"Y",OR($L46<>"",$W46="Awaiting ID")),"ID fields used but ID_Check_Needed is not Y; ","")&IF(AND($R46="Y",$S46=""),"extension notice date missing; ","")&IF(AND($R46<>"Y",$S46<>""),"notice date but Extended is not Y; ","")&IF(AND($W46="Closed",$Y46=""),"closed without response date; ","")&IF(AND($Y46<>"",$W46<>"Closed"),"response date but status not Closed; ","")&IF(AND($Y46<>"",$B46<>"",$Y46<$B46),"response before receipt; ","")&IF(AND($AD46="Y",$AE46=""),"exemption needs a reason in Notes; ","")))
E47: =IF($A47="","",IFERROR(VLOOKUP($D47,ReqTypes,2,FALSE),"?")) | F47: =IF($A47="","",IFERROR(VLOOKUP($D47,ReqTypes,3,FALSE),"?")) | J47: =IF(OR($A47="",$I47=""),"",IF(NETWORKDAYS($B47,$I47,Holidays)-1<=AckDays,"Y","N")) | N47: =IF(OR($A47="",$K47<>"Y"),"",IF($L47="","Pending",IF($L47-$B47<=IDPromptDays,"Y","Check"))) | O47: =IF($A47="","",IF(OR($K47<>"Y",$L47=""),0,IF($M47="",MAX(0,ReportDate-$L47),$M47-$L47))) | P47: =IF($A47="","",IF($F47<>"Y","n/a",WORKDAY(EDATE($B47,1)+$O47-1,1,Holidays))) | Q47: =IF($A47="","",$B47+$O47+InternalDays) | T47: =IF(OR($A47="",$R47<>"Y"),"",IF($S47="","Missing",IF(AND($F47="Y",$S47<=$P47),"Y","Late"))) | U47: =IF($A47="","",IF($F47<>"Y",$Q47,IF(AND($R47="Y",$T47="Y"),WORKDAY(EDATE($B47,3)+$O47-1,1,Holidays),$P47))) | Z47: =IF($A47="","",IF($Y47<>"",$Y47-$B47,ReportDate-$B47)) | AA47: =IF(OR($A47="",$W47="Closed"),"",$U47-ReportDate) | AB47: =IF($A47="","",IF($W47="Closed",IF($Y47<=$U47,"Closed on time","Closed late"),IF($W47="Awaiting ID","Paused",IF($AA47<0,"Overdue",IF($AA47<=RedDays,"Red",IF($AA47<=AmberDays,"Amber","Green")))))) | AC47: =IF(OR($A47="",$Y47=""),"",IF($Y47<=$U47,"Y","N")) | AF47: =IF($A47="","",IF(IF(OR($B47="",$C47="",$D47="",$V47="",$W47=""),"missing required field; ","")&IF(COUNTIF($A$2:$A$201,$A47)>1,"duplicate ID; ","")&IF(AND($B47<>"",$B47>ReportDate),"received after snapshot date; ","")&IF(AND($I47<>"",$B47<>"",$I47<$B47),"acknowledged before receipt; ","")&IF(AND($K47="Y",$L47="",$W47<>"Logged"),"ID requested date missing; ","")&IF(AND($L47<>"",$M47<>"",$M47<$L47),"ID dates out of order; ","")&IF(AND($K47<>"Y",OR($L47<>"",$W47="Awaiting ID")),"ID fields used but ID_Check_Needed is not Y; ","")&IF(AND($R47="Y",$S47=""),"extension notice date missing; ","")&IF(AND($R47<>"Y",$S47<>""),"notice date but Extended is not Y; ","")&IF(AND($W47="Closed",$Y47=""),"closed without response date; ","")&IF(AND($Y47<>"",$W47<>"Closed"),"response date but status not Closed; ","")&IF(AND($Y47<>"",$B47<>"",$Y47<$B47),"response before receipt; ","")&IF(AND($AD47="Y",$AE47=""),"exemption needs a reason in Notes; ","")="","OK","Check: "&IF(OR($B47="",$C47="",$D47="",$V47="",$W47=""),"missing required field; ","")&IF(COUNTIF($A$2:$A$201,$A47)>1,"duplicate ID; ","")&IF(AND($B47<>"",$B47>ReportDate),"received after snapshot date; ","")&IF(AND($I47<>"",$B47<>"",$I47<$B47),"acknowledged before receipt; ","")&IF(AND($K47="Y",$L47="",$W47<>"Logged"),"ID requested date missing; ","")&IF(AND($L47<>"",$M47<>"",$M47<$L47),"ID dates out of order; ","")&IF(AND($K47<>"Y",OR($L47<>"",$W47="Awaiting ID")),"ID fields used but ID_Check_Needed is not Y; ","")&IF(AND($R47="Y",$S47=""),"extension notice date missing; ","")&IF(AND($R47<>"Y",$S47<>""),"notice date but Extended is not Y; ","")&IF(AND($W47="Closed",$Y47=""),"closed without response date; ","")&IF(AND($Y47<>"",$W47<>"Closed"),"response date but status not Closed; ","")&IF(AND($Y47<>"",$B47<>"",$Y47<$B47),"response before receipt; ","")&IF(AND($AD47="Y",$AE47=""),"exemption needs a reason in Notes; ","")))
E48: =IF($A48="","",IFERROR(VLOOKUP($D48,ReqTypes,2,FALSE),"?")) | F48: =IF($A48="","",IFERROR(VLOOKUP($D48,ReqTypes,3,FALSE),"?")) | J48: =IF(OR($A48="",$I48=""),"",IF(NETWORKDAYS($B48,$I48,Holidays)-1<=AckDays,"Y","N")) | N48: =IF(OR($A48="",$K48<>"Y"),"",IF($L48="","Pending",IF($L48-$B48<=IDPromptDays,"Y","Check"))) | O48: =IF($A48="","",IF(OR($K48<>"Y",$L48=""),0,IF($M48="",MAX(0,ReportDate-$L48),$M48-$L48))) | P48: =IF($A48="","",IF($F48<>"Y","n/a",WORKDAY(EDATE($B48,1)+$O48-1,1,Holidays))) | Q48: =IF($A48="","",$B48+$O48+InternalDays) | T48: =IF(OR($A48="",$R48<>"Y"),"",IF($S48="","Missing",IF(AND($F48="Y",$S48<=$P48),"Y","Late"))) | U48: =IF($A48="","",IF($F48<>"Y",$Q48,IF(AND($R48="Y",$T48="Y"),WORKDAY(EDATE($B48,3)+$O48-1,1,Holidays),$P48))) | Z48: =IF($A48="","",IF($Y48<>"",$Y48-$B48,ReportDate-$B48)) | AA48: =IF(OR($A48="",$W48="Closed"),"",$U48-ReportDate) | AB48: =IF($A48="","",IF($W48="Closed",IF($Y48<=$U48,"Closed on time","Closed late"),IF($W48="Awaiting ID","Paused",IF($AA48<0,"Overdue",IF($AA48<=RedDays,"Red",IF($AA48<=AmberDays,"Amber","Green")))))) | AC48: =IF(OR($A48="",$Y48=""),"",IF($Y48<=$U48,"Y","N")) | AF48: =IF($A48="","",IF(IF(OR($B48="",$C48="",$D48="",$V48="",$W48=""),"missing required field; ","")&IF(COUNTIF($A$2:$A$201,$A48)>1,"duplicate ID; ","")&IF(AND($B48<>"",$B48>ReportDate),"received after snapshot date; ","")&IF(AND($I48<>"",$B48<>"",$I48<$B48),"acknowledged before receipt; ","")&IF(AND($K48="Y",$L48="",$W48<>"Logged"),"ID requested date missing; ","")&IF(AND($L48<>"",$M48<>"",$M48<$L48),"ID dates out of order; ","")&IF(AND($K48<>"Y",OR($L48<>"",$W48="Awaiting ID")),"ID fields used but ID_Check_Needed is not Y; ","")&IF(AND($R48="Y",$S48=""),"extension notice date missing; ","")&IF(AND($R48<>"Y",$S48<>""),"notice date but Extended is not Y; ","")&IF(AND($W48="Closed",$Y48=""),"closed without response date; ","")&IF(AND($Y48<>"",$W48<>"Closed"),"response date but status not Closed; ","")&IF(AND($Y48<>"",$B48<>"",$Y48<$B48),"response before receipt; ","")&IF(AND($AD48="Y",$AE48=""),"exemption needs a reason in Notes; ","")="","OK","Check: "&IF(OR($B48="",$C48="",$D48="",$V48="",$W48=""),"missing required field; ","")&IF(COUNTIF($A$2:$A$201,$A48)>1,"duplicate ID; ","")&IF(AND($B48<>"",$B48>ReportDate),"received after snapshot date; ","")&IF(AND($I48<>"",$B48<>"",$I48<$B48),"acknowledged before receipt; ","")&IF(AND($K48="Y",$L48="",$W48<>"Logged"),"ID requested date missing; ","")&IF(AND($L48<>"",$M48<>"",$M48<$L48),"ID dates out of order; ","")&IF(AND($K48<>"Y",OR($L48<>"",$W48="Awaiting ID")),"ID fields used but ID_Check_Needed is not Y; ","")&IF(AND($R48="Y",$S48=""),"extension notice date missing; ","")&IF(AND($R48<>"Y",$S48<>""),"notice date but Extended is not Y; ","")&IF(AND($W48="Closed",$Y48=""),"closed without response date; ","")&IF(AND($Y48<>"",$W48<>"Closed"),"response date but status not Closed; ","")&IF(AND($Y48<>"",$B48<>"",$Y48<$B48),"response before receipt; ","")&IF(AND($AD48="Y",$AE48=""),"exemption needs a reason in Notes; ","")))
E49: =IF($A49="","",IFERROR(VLOOKUP($D49,ReqTypes,2,FALSE),"?")) | F49: =IF($A49="","",IFERROR(VLOOKUP($D49,ReqTypes,3,FALSE),"?")) | J49: =IF(OR($A49="",$I49=""),"",IF(NETWORKDAYS($B49,$I49,Holidays)-1<=AckDays,"Y","N")) | N49: =IF(OR($A49="",$K49<>"Y"),"",IF($L49="","Pending",IF($L49-$B49<=IDPromptDays,"Y","Check"))) | O49: =IF($A49="","",IF(OR($K49<>"Y",$L49=""),0,IF($M49="",MAX(0,ReportDate-$L49),$M49-$L49))) | P49: =IF($A49="","",IF($F49<>"Y","n/a",WORKDAY(EDATE($B49,1)+$O49-1,1,Holidays))) | Q49: =IF($A49="","",$B49+$O49+InternalDays) | T49: =IF(OR($A49="",$R49<>"Y"),"",IF($S49="","Missing",IF(AND($F49="Y",$S49<=$P49),"Y","Late"))) | U49: =IF($A49="","",IF($F49<>"Y",$Q49,IF(AND($R49="Y",$T49="Y"),WORKDAY(EDATE($B49,3)+$O49-1,1,Holidays),$P49))) | Z49: =IF($A49="","",IF($Y49<>"",$Y49-$B49,ReportDate-$B49)) | AA49: =IF(OR($A49="",$W49="Closed"),"",$U49-ReportDate) | AB49: =IF($A49="","",IF($W49="Closed",IF($Y49<=$U49,"Closed on time","Closed late"),IF($W49="Awaiting ID","Paused",IF($AA49<0,"Overdue",IF($AA49<=RedDays,"Red",IF($AA49<=AmberDays,"Amber","Green")))))) | AC49: =IF(OR($A49="",$Y49=""),"",IF($Y49<=$U49,"Y","N")) | AF49: =IF($A49="","",IF(IF(OR($B49="",$C49="",$D49="",$V49="",$W49=""),"missing required field; ","")&IF(COUNTIF($A$2:$A$201,$A49)>1,"duplicate ID; ","")&IF(AND($B49<>"",$B49>ReportDate),"received after snapshot date; ","")&IF(AND($I49<>"",$B49<>"",$I49<$B49),"acknowledged before receipt; ","")&IF(AND($K49="Y",$L49="",$W49<>"Logged"),"ID requested date missing; ","")&IF(AND($L49<>"",$M49<>"",$M49<$L49),"ID dates out of order; ","")&IF(AND($K49<>"Y",OR($L49<>"",$W49="Awaiting ID")),"ID fields used but ID_Check_Needed is not Y; ","")&IF(AND($R49="Y",$S49=""),"extension notice date missing; ","")&IF(AND($R49<>"Y",$S49<>""),"notice date but Extended is not Y; ","")&IF(AND($W49="Closed",$Y49=""),"closed without response date; ","")&IF(AND($Y49<>"",$W49<>"Closed"),"response date but status not Closed; ","")&IF(AND($Y49<>"",$B49<>"",$Y49<$B49),"response before receipt; ","")&IF(AND($AD49="Y",$AE49=""),"exemption needs a reason in Notes; ","")="","OK","Check: "&IF(OR($B49="",$C49="",$D49="",$V49="",$W49=""),"missing required field; ","")&IF(COUNTIF($A$2:$A$201,$A49)>1,"duplicate ID; ","")&IF(AND($B49<>"",$B49>ReportDate),"received after snapshot date; ","")&IF(AND($I49<>"",$B49<>"",$I49<$B49),"acknowledged before receipt; ","")&IF(AND($K49="Y",$L49="",$W49<>"Logged"),"ID requested date missing; ","")&IF(AND($L49<>"",$M49<>"",$M49<$L49),"ID dates out of order; ","")&IF(AND($K49<>"Y",OR($L49<>"",$W49="Awaiting ID")),"ID fields used but ID_Check_Needed is not Y; ","")&IF(AND($R49="Y",$S49=""),"extension notice date missing; ","")&IF(AND($R49<>"Y",$S49<>""),"notice date but Extended is not Y; ","")&IF(AND($W49="Closed",$Y49=""),"closed without response date; ","")&IF(AND($Y49<>"",$W49<>"Closed"),"response date but status not Closed; ","")&IF(AND($Y49<>"",$B49<>"",$Y49<$B49),"response before receipt; ","")&IF(AND($AD49="Y",$AE49=""),"exemption needs a reason in Notes; ","")))
E50: =IF($A50="","",IFERROR(VLOOKUP($D50,ReqTypes,2,FALSE),"?")) | F50: =IF($A50="","",IFERROR(VLOOKUP($D50,ReqTypes,3,FALSE),"?")) | J50: =IF(OR($A50="",$I50=""),"",IF(NETWORKDAYS($B50,$I50,Holidays)-1<=AckDays,"Y","N")) | N50: =IF(OR($A50="",$K50<>"Y"),"",IF($L50="","Pending",IF($L50-$B50<=IDPromptDays,"Y","Check"))) | O50: =IF($A50="","",IF(OR($K50<>"Y",$L50=""),0,IF($M50="",MAX(0,ReportDate-$L50),$M50-$L50))) | P50: =IF($A50="","",IF($F50<>"Y","n/a",WORKDAY(EDATE($B50,1)+$O50-1,1,Holidays))) | Q50: =IF($A50="","",$B50+$O50+InternalDays) | T50: =IF(OR($A50="",$R50<>"Y"),"",IF($S50="","Missing",IF(AND($F50="Y",$S50<=$P50),"Y","Late"))) | U50: =IF($A50="","",IF($F50<>"Y",$Q50,IF(AND($R50="Y",$T50="Y"),WORKDAY(EDATE($B50,3)+$O50-1,1,Holidays),$P50))) | Z50: =IF($A50="","",IF($Y50<>"",$Y50-$B50,ReportDate-$B50)) | AA50: =IF(OR($A50="",$W50="Closed"),"",$U50-ReportDate) | AB50: =IF($A50="","",IF($W50="Closed",IF($Y50<=$U50,"Closed on time","Closed late"),IF($W50="Awaiting ID","Paused",IF($AA50<0,"Overdue",IF($AA50<=RedDays,"Red",IF($AA50<=AmberDays,"Amber","Green")))))) | AC50: =IF(OR($A50="",$Y50=""),"",IF($Y50<=$U50,"Y","N")) | AF50: =IF($A50="","",IF(IF(OR($B50="",$C50="",$D50="",$V50="",$W50=""),"missing required field; ","")&IF(COUNTIF($A$2:$A$201,$A50)>1,"duplicate ID; ","")&IF(AND($B50<>"",$B50>ReportDate),"received after snapshot date; ","")&IF(AND($I50<>"",$B50<>"",$I50<$B50),"acknowledged before receipt; ","")&IF(AND($K50="Y",$L50="",$W50<>"Logged"),"ID requested date missing; ","")&IF(AND($L50<>"",$M50<>"",$M50<$L50),"ID dates out of order; ","")&IF(AND($K50<>"Y",OR($L50<>"",$W50="Awaiting ID")),"ID fields used but ID_Check_Needed is not Y; ","")&IF(AND($R50="Y",$S50=""),"extension notice date missing; ","")&IF(AND($R50<>"Y",$S50<>""),"notice date but Extended is not Y; ","")&IF(AND($W50="Closed",$Y50=""),"closed without response date; ","")&IF(AND($Y50<>"",$W50<>"Closed"),"response date but status not Closed; ","")&IF(AND($Y50<>"",$B50<>"",$Y50<$B50),"response before receipt; ","")&IF(AND($AD50="Y",$AE50=""),"exemption needs a reason in Notes; ","")="","OK","Check: "&IF(OR($B50="",$C50="",$D50="",$V50="",$W50=""),"missing required field; ","")&IF(COUNTIF($A$2:$A$201,$A50)>1,"duplicate ID; ","")&IF(AND($B50<>"",$B50>ReportDate),"received after snapshot date; ","")&IF(AND($I50<>"",$B50<>"",$I50<$B50),"acknowledged before receipt; ","")&IF(AND($K50="Y",$L50="",$W50<>"Logged"),"ID requested date missing; ","")&IF(AND($L50<>"",$M50<>"",$M50<$L50),"ID dates out of order; ","")&IF(AND($K50<>"Y",OR($L50<>"",$W50="Awaiting ID")),"ID fields used but ID_Check_Needed is not Y; ","")&IF(AND($R50="Y",$S50=""),"extension notice date missing; ","")&IF(AND($R50<>"Y",$S50<>""),"notice date but Extended is not Y; ","")&IF(AND($W50="Closed",$Y50=""),"closed without response date; ","")&IF(AND($Y50<>"",$W50<>"Closed"),"response date but status not Closed; ","")&IF(AND($Y50<>"",$B50<>"",$Y50<$B50),"response before receipt; ","")&IF(AND($AD50="Y",$AE50=""),"exemption needs a reason in Notes; ","")))
E51: =IF($A51="","",IFERROR(VLOOKUP($D51,ReqTypes,2,FALSE),"?")) | F51: =IF($A51="","",IFERROR(VLOOKUP($D51,ReqTypes,3,FALSE),"?")) | J51: =IF(OR($A51="",$I51=""),"",IF(NETWORKDAYS($B51,$I51,Holidays)-1<=AckDays,"Y","N")) | N51: =IF(OR($A51="",$K51<>"Y"),"",IF($L51="","Pending",IF($L51-$B51<=IDPromptDays,"Y","Check"))) | O51: =IF($A51="","",IF(OR($K51<>"Y",$L51=""),0,IF($M51="",MAX(0,ReportDate-$L51),$M51-$L51))) | P51: =IF($A51="","",IF($F51<>"Y","n/a",WORKDAY(EDATE($B51,1)+$O51-1,1,Holidays))) | Q51: =IF($A51="","",$B51+$O51+InternalDays) | T51: =IF(OR($A51="",$R51<>"Y"),"",IF($S51="","Missing",IF(AND($F51="Y",$S51<=$P51),"Y","Late"))) | U51: =IF($A51="","",IF($F51<>"Y",$Q51,IF(AND($R51="Y",$T51="Y"),WORKDAY(EDATE($B51,3)+$O51-1,1,Holidays),$P51))) | Z51: =IF($A51="","",IF($Y51<>"",$Y51-$B51,ReportDate-$B51)) | AA51: =IF(OR($A51="",$W51="Closed"),"",$U51-ReportDate) | AB51: =IF($A51="","",IF($W51="Closed",IF($Y51<=$U51,"Closed on time","Closed late"),IF($W51="Awaiting ID","Paused",IF($AA51<0,"Overdue",IF($AA51<=RedDays,"Red",IF($AA51<=AmberDays,"Amber","Green")))))) | AC51: =IF(OR($A51="",$Y51=""),"",IF($Y51<=$U51,"Y","N")) | AF51: =IF($A51="","",IF(IF(OR($B51="",$C51="",$D51="",$V51="",$W51=""),"missing required field; ","")&IF(COUNTIF($A$2:$A$201,$A51)>1,"duplicate ID; ","")&IF(AND($B51<>"",$B51>ReportDate),"received after snapshot date; ","")&IF(AND($I51<>"",$B51<>"",$I51<$B51),"acknowledged before receipt; ","")&IF(AND($K51="Y",$L51="",$W51<>"Logged"),"ID requested date missing; ","")&IF(AND($L51<>"",$M51<>"",$M51<$L51),"ID dates out of order; ","")&IF(AND($K51<>"Y",OR($L51<>"",$W51="Awaiting ID")),"ID fields used but ID_Check_Needed is not Y; ","")&IF(AND($R51="Y",$S51=""),"extension notice date missing; ","")&IF(AND($R51<>"Y",$S51<>""),"notice date but Extended is not Y; ","")&IF(AND($W51="Closed",$Y51=""),"closed without response date; ","")&IF(AND($Y51<>"",$W51<>"Closed"),"response date but status not Closed; ","")&IF(AND($Y51<>"",$B51<>"",$Y51<$B51),"response before receipt; ","")&IF(AND($AD51="Y",$AE51=""),"exemption needs a reason in Notes; ","")="","OK","Check: "&IF(OR($B51="",$C51="",$D51="",$V51="",$W51=""),"missing required field; ","")&IF(COUNTIF($A$2:$A$201,$A51)>1,"duplicate ID; ","")&IF(AND($B51<>"",$B51>ReportDate),"received after snapshot date; ","")&IF(AND($I51<>"",$B51<>"",$I51<$B51),"acknowledged before receipt; ","")&IF(AND($K51="Y",$L51="",$W51<>"Logged"),"ID requested date missing; ","")&IF(AND($L51<>"",$M51<>"",$M51<$L51),"ID dates out of order; ","")&IF(AND($K51<>"Y",OR($L51<>"",$W51="Awaiting ID")),"ID fields used but ID_Check_Needed is not Y; ","")&IF(AND($R51="Y",$S51=""),"extension notice date missing; ","")&IF(AND($R51<>"Y",$S51<>""),"notice date but Extended is not Y; ","")&IF(AND($W51="Closed",$Y51=""),"closed without response date; ","")&IF(AND($Y51<>"",$W51<>"Closed"),"response date but status not Closed; ","")&IF(AND($Y51<>"",$B51<>"",$Y51<$B51),"response before receipt; ","")&IF(AND($AD51="Y",$AE51=""),"exemption needs a reason in Notes; ","")))
E52: =IF($A52="","",IFERROR(VLOOKUP($D52,ReqTypes,2,FALSE),"?")) | F52: =IF($A52="","",IFERROR(VLOOKUP($D52,ReqTypes,3,FALSE),"?")) | J52: =IF(OR($A52="",$I52=""),"",IF(NETWORKDAYS($B52,$I52,Holidays)-1<=AckDays,"Y","N")) | N52: =IF(OR($A52="",$K52<>"Y"),"",IF($L52="","Pending",IF($L52-$B52<=IDPromptDays,"Y","Check"))) | O52: =IF($A52="","",IF(OR($K52<>"Y",$L52=""),0,IF($M52="",MAX(0,ReportDate-$L52),$M52-$L52))) | P52: =IF($A52="","",IF($F52<>"Y","n/a",WORKDAY(EDATE($B52,1)+$O52-1,1,Holidays))) | Q52: =IF($A52="","",$B52+$O52+InternalDays) | T52: =IF(OR($A52="",$R52<>"Y"),"",IF($S52="","Missing",IF(AND($F52="Y",$S52<=$P52),"Y","Late"))) | U52: =IF($A52="","",IF($F52<>"Y",$Q52,IF(AND($R52="Y",$T52="Y"),WORKDAY(EDATE($B52,3)+$O52-1,1,Holidays),$P52))) | Z52: =IF($A52="","",IF($Y52<>"",$Y52-$B52,ReportDate-$B52)) | AA52: =IF(OR($A52="",$W52="Closed"),"",$U52-ReportDate) | AB52: =IF($A52="","",IF($W52="Closed",IF($Y52<=$U52,"Closed on time","Closed late"),IF($W52="Awaiting ID","Paused",IF($AA52<0,"Overdue",IF($AA52<=RedDays,"Red",IF($AA52<=AmberDays,"Amber","Green")))))) | AC52: =IF(OR($A52="",$Y52=""),"",IF($Y52<=$U52,"Y","N")) | AF52: =IF($A52="","",IF(IF(OR($B52="",$C52="",$D52="",$V52="",$W52=""),"missing required field; ","")&IF(COUNTIF($A$2:$A$201,$A52)>1,"duplicate ID; ","")&IF(AND($B52<>"",$B52>ReportDate),"received after snapshot date; ","")&IF(AND($I52<>"",$B52<>"",$I52<$B52),"acknowledged before receipt; ","")&IF(AND($K52="Y",$L52="",$W52<>"Logged"),"ID requested date missing; ","")&IF(AND($L52<>"",$M52<>"",$M52<$L52),"ID dates out of order; ","")&IF(AND($K52<>"Y",OR($L52<>"",$W52="Awaiting ID")),"ID fields used but ID_Check_Needed is not Y; ","")&IF(AND($R52="Y",$S52=""),"extension notice date missing; ","")&IF(AND($R52<>"Y",$S52<>""),"notice date but Extended is not Y; ","")&IF(AND($W52="Closed",$Y52=""),"closed without response date; ","")&IF(AND($Y52<>"",$W52<>"Closed"),"response date but status not Closed; ","")&IF(AND($Y52<>"",$B52<>"",$Y52<$B52),"response before receipt; ","")&IF(AND($AD52="Y",$AE52=""),"exemption needs a reason in Notes; ","")="","OK","Check: "&IF(OR($B52="",$C52="",$D52="",$V52="",$W52=""),"missing required field; ","")&IF(COUNTIF($A$2:$A$201,$A52)>1,"duplicate ID; ","")&IF(AND($B52<>"",$B52>ReportDate),"received after snapshot date; ","")&IF(AND($I52<>"",$B52<>"",$I52<$B52),"acknowledged before receipt; ","")&IF(AND($K52="Y",$L52="",$W52<>"Logged"),"ID requested date missing; ","")&IF(AND($L52<>"",$M52<>"",$M52<$L52),"ID dates out of order; ","")&IF(AND($K52<>"Y",OR($L52<>"",$W52="Awaiting ID")),"ID fields used but ID_Check_Needed is not Y; ","")&IF(AND($R52="Y",$S52=""),"extension notice date missing; ","")&IF(AND($R52<>"Y",$S52<>""),"notice date but Extended is not Y; ","")&IF(AND($W52="Closed",$Y52=""),"closed without response date; ","")&IF(AND($Y52<>"",$W52<>"Closed"),"response date but status not Closed; ","")&IF(AND($Y52<>"",$B52<>"",$Y52<$B52),"response before receipt; ","")&IF(AND($AD52="Y",$AE52=""),"exemption needs a reason in Notes; ","")))
E53: =IF($A53="","",IFERROR(VLOOKUP($D53,ReqTypes,2,FALSE),"?")) | F53: =IF($A53="","",IFERROR(VLOOKUP($D53,ReqTypes,3,FALSE),"?")) | J53: =IF(OR($A53="",$I53=""),"",IF(NETWORKDAYS($B53,$I53,Holidays)-1<=AckDays,"Y","N")) | N53: =IF(OR($A53="",$K53<>"Y"),"",IF($L53="","Pending",IF($L53-$B53<=IDPromptDays,"Y","Check"))) | O53: =IF($A53="","",IF(OR($K53<>"Y",$L53=""),0,IF($M53="",MAX(0,ReportDate-$L53),$M53-$L53))) | P53: =IF($A53="","",IF($F53<>"Y","n/a",WORKDAY(EDATE($B53,1)+$O53-1,1,Holidays))) | Q53: =IF($A53="","",$B53+$O53+InternalDays) | T53: =IF(OR($A53="",$R53<>"Y"),"",IF($S53="","Missing",IF(AND($F53="Y",$S53<=$P53),"Y","Late"))) | U53: =IF($A53="","",IF($F53<>"Y",$Q53,IF(AND($R53="Y",$T53="Y"),WORKDAY(EDATE($B53,3)+$O53-1,1,Holidays),$P53))) | Z53: =IF($A53="","",IF($Y53<>"",$Y53-$B53,ReportDate-$B53)) | AA53: =IF(OR($A53="",$W53="Closed"),"",$U53-ReportDate) | AB53: =IF($A53="","",IF($W53="Closed",IF($Y53<=$U53,"Closed on time","Closed late"),IF($W53="Awaiting ID","Paused",IF($AA53<0,"Overdue",IF($AA53<=RedDays,"Red",IF($AA53<=AmberDays,"Amber","Green")))))) | AC53: =IF(OR($A53="",$Y53=""),"",IF($Y53<=$U53,"Y","N")) | AF53: =IF($A53="","",IF(IF(OR($B53="",$C53="",$D53="",$V53="",$W53=""),"missing required field; ","")&IF(COUNTIF($A$2:$A$201,$A53)>1,"duplicate ID; ","")&IF(AND($B53<>"",$B53>ReportDate),"received after snapshot date; ","")&IF(AND($I53<>"",$B53<>"",$I53<$B53),"acknowledged before receipt; ","")&IF(AND($K53="Y",$L53="",$W53<>"Logged"),"ID requested date missing; ","")&IF(AND($L53<>"",$M53<>"",$M53<$L53),"ID dates out of order; ","")&IF(AND($K53<>"Y",OR($L53<>"",$W53="Awaiting ID")),"ID fields used but ID_Check_Needed is not Y; ","")&IF(AND($R53="Y",$S53=""),"extension notice date missing; ","")&IF(AND($R53<>"Y",$S53<>""),"notice date but Extended is not Y; ","")&IF(AND($W53="Closed",$Y53=""),"closed without response date; ","")&IF(AND($Y53<>"",$W53<>"Closed"),"response date but status not Closed; ","")&IF(AND($Y53<>"",$B53<>"",$Y53<$B53),"response before receipt; ","")&IF(AND($AD53="Y",$AE53=""),"exemption needs a reason in Notes; ","")="","OK","Check: "&IF(OR($B53="",$C53="",$D53="",$V53="",$W53=""),"missing required field; ","")&IF(COUNTIF($A$2:$A$201,$A53)>1,"duplicate ID; ","")&IF(AND($B53<>"",$B53>ReportDate),"received after snapshot date; ","")&IF(AND($I53<>"",$B53<>"",$I53<$B53),"acknowledged before receipt; ","")&IF(AND($K53="Y",$L53="",$W53<>"Logged"),"ID requested date missing; ","")&IF(AND($L53<>"",$M53<>"",$M53<$L53),"ID dates out of order; ","")&IF(AND($K53<>"Y",OR($L53<>"",$W53="Awaiting ID")),"ID fields used but ID_Check_Needed is not Y; ","")&IF(AND($R53="Y",$S53=""),"extension notice date missing; ","")&IF(AND($R53<>"Y",$S53<>""),"notice date but Extended is not Y; ","")&IF(AND($W53="Closed",$Y53=""),"closed without response date; ","")&IF(AND($Y53<>"",$W53<>"Closed"),"response date but status not Closed; ","")&IF(AND($Y53<>"",$B53<>"",$Y53<$B53),"response before receipt; ","")&IF(AND($AD53="Y",$AE53=""),"exemption needs a reason in Notes; ","")))
... E201: =IF($A201="","",IFERROR(VLOOKUP($D201,ReqTypes,2,FALSE),"?")) | F201: =IF($A201="","",IFERROR(VLOOKUP($D201,ReqTypes,3,FALSE),"?")) | J201: =IF(OR($A201="",$I201=""),"",IF(NETWORKDAYS($B201,$I201,Holidays)-1<=AckDays,"Y","N")) | N201: =IF(OR($A201="",$K201<>"Y"),"",IF($L201="","Pending",IF($L201-$B201<=IDPromptDays,"Y","Check"))) | O201: =IF($A201="","",IF(OR($K201<>"Y",$L201=""),0,IF($M201="",MAX(0,ReportDate-$L201),$M201-$L201))) | P201: =IF($A201="","",IF($F201<>"Y","n/a",WORKDAY(EDATE($B201,1)+$O201-1,1,Holidays))) | Q201: =IF($A201="","",$B201+$O201+InternalDays) | T201: =IF(OR($A201="",$R201<>"Y"),"",IF($S201="","Missing",IF(AND($F201="Y",$S201<=$P201),"Y","Late"))) | U201: =IF($A201="","",IF($F201<>"Y",$Q201,IF(AND($R201="Y",$T201="Y"),WORKDAY(EDATE($B201,3)+$O201-1,1,Holidays),$P201))) | Z201: =IF($A201="","",IF($Y201<>"",$Y201-$B201,ReportDate-$B201)) | AA201: =IF(OR($A201="",$W201="Closed"),"",$U201-ReportDate) | AB201: =IF($A201="","",IF($W201="Closed",IF($Y201<=$U201,"Closed on time","Closed late"),IF($W201="Awaiting ID","Paused",IF($AA201<0,"Overdue",IF($AA201<=RedDays,"Red",IF($AA201<=AmberDays,"Amber","Green")))))) | AC201: =IF(OR($A201="",$Y201=""),"",IF($Y201<=$U201,"Y","N")) | AF201: =IF($A201="","",IF(IF(OR($B201="",$C201="",$D201="",$V201="",$W201=""),"missing required field; ","")&IF(COUNTIF($A$2:$A$201,$A201)>1,"duplicate ID; ","")&IF(AND($B201<>"",$B201>ReportDate),"received after snapshot date; ","")&IF(AND($I201<>"",$B201<>"",$I201<$B201),"acknowledged before receipt; ","")&IF(AND($K201="Y",$L201="",$W201<>"Logged"),"ID requested date missing; ","")&IF(AND($L201<>"",$M201<>"",$M201<$L201),"ID dates out of order; ","")&IF(AND($K201<>"Y",OR($L201<>"",$W201="Awaiting ID")),"ID fields used but ID_Check_Needed is not Y; ","")&IF(AND($R201="Y",$S201=""),"extension notice date missing; ","")&IF(AND($R201<>"Y",$S201<>""),"notice date but Extended is not Y; ","")&IF(AND($W201="Closed",$Y201=""),"closed without response date; ","")&IF(AND($Y201<>"",$W201<>"Closed"),"response date but status not Closed; ","")&IF(AND($Y201<>"",$B201<>"",$Y201<$B201),"response before receipt; ","")&IF(AND($AD201="Y",$AE201=""),"exemption needs a reason in Notes; ","")="","OK","Check: "&IF(OR($B201="",$C201="",$D201="",$V201="",$W201=""),"missing required field; ","")&IF(COUNTIF($A$2:$A$201,$A201)>1,"duplicate ID; ","")&IF(AND($B201<>"",$B201>ReportDate),"received after snapshot date; ","")&IF(AND($I201<>"",$B201<>"",$I201<$B201),"acknowledged before receipt; ","")&IF(AND($K201="Y",$L201="",$W201<>"Logged"),"ID requested date missing; ","")&IF(AND($L201<>"",$M201<>"",$M201<$L201),"ID dates out of order; ","")&IF(AND($K201<>"Y",OR($L201<>"",$W201="Awaiting ID")),"ID fields used but ID_Check_Needed is not Y; ","")&IF(AND($R201="Y",$S201=""),"extension notice date missing; ","")&IF(AND($R201<>"Y",$S201<>""),"notice date but Extended is not Y; ","")&IF(AND($W201="Closed",$Y201=""),"closed without response date; ","")&IF(AND($Y201<>"",$W201<>"Closed"),"response date but status not Closed; ","")&IF(AND($Y201<>"",$B201<>"",$Y201<$B201),"response before receipt; ","")&IF(AND($AD201="Y",$AE201=""),"exemption needs a reason in Notes; ","")))

Sheet Incident_Log
A1: Incident_ID | B1: Date_Occurred | C1: Aware_DateTime | D1: Business_Area | E1: Incident_Type | F1: Incident_Category | G1: Data_Subject_Type | H1: Subjects_Affected | I1: Subjects_Band | J1: Special_Category_Data | K1: Risk_Level | L1: Notify_DPC | M1: DPC_Deadline | N1: DPC_Notified_DateTime | O1: Hours_To_Notify | P1: Time_To_Report_Band | Q1: Notified_Within_72h | R1: Notify_Individuals | S1: Containment_Action | T1: Owner | U1: Status | V1: Closed_Date | W1: Data_Check | X1: ICO_Template_Ref
A2: INC-2026-001 | B2: 46150 | C2: 46150.438 | D2: Customer Service | E2: Data emailed to incorrect recipient | F2: Non Cyber | G2: Customers or prospective customers | H2: 4 | I2: =IF(OR($A2="",$H2=""),"",VLOOKUP($H2,SubjectBands,2,TRUE)) -> 1 to 9 | J2: N | K2: Low | L2: =IF(OR($A2="",$K2=""),"",IF(OR($K2="No risk",$K2="Low"),"No - record only","Yes")) -> No - record only | M2: =IF($L2="Yes",$C2+NotifyHours/24,"") | O2: =IF(OR($A2="",$N2=""),"",ROUND(($N2-$C2)*24,1)) | P2: =IF($O2="","",VLOOKUP($O2,TimeBands,2,TRUE)) | Q2: =IF($L2<>"Yes","",IF($N2="",IF(ReportDate>$M2,"Overdue","Pending"),IF($N2<=$M2,"Y","N"))) | R2: =IF(OR($A2="",$K2=""),"",IF($K2="High","Yes (Art 34)","No")) -> No | S2: Recipient confirmed deletion; email template fixed | T2: Privacy Analyst | U2: Closed | V2: 46175 | W2: =IF($A2="","",IF(IF(OR($C2="",$E2="",$F2="",$K2="",$T2="",$U2=""),"missing required field; ","")&IF(COUNTIF($A$2:$A$101,$A2)>1,"duplicate ID; ","")&IF($H2="","subjects affected missing; ","")&IF(AND($B2<>"",$C2<>"",INT($C2)<$B2),"aware before occurred; ","")&IF(AND($N2<>"",$C2<>"",$N2<$C2),"notified before aware; ","")&IF(AND($L2="Yes",$N2="",$U2="Closed"),"closed without DPC notification; ","")&IF(AND($N2<>"",$L2<>"Yes"),"notified although assessed not notifiable - confirm; ","")&IF(AND($U2="Closed",$V2=""),"closed without closed date; ","")&IF(AND($V2<>"",$C2<>"",$V2<INT($C2)),"closed before aware; ","")&IF(AND($C2<>"",$C2>=ReportDate+1),"aware after snapshot date; ","")="","OK","Check: "&IF(OR($C2="",$E2="",$F2="",$K2="",$T2="",$U2=""),"missing required field; ","")&IF(COUNTIF($A$2:$A$101,$A2)>1,"duplicate ID; ","")&IF($H2="","subjects affected missing; ","")&IF(AND($B2<>"",$C2<>"",INT($C2)<$B2),"aware before occurred; ","")&IF(AND($N2<>"",$C2<>"",$N2<$C2),"notified before aware; ","")&IF(AND($L2="Yes",$N2="",$U2="Closed"),"closed without DPC notification; ","")&IF(AND($N2<>"",$L2<>"Yes"),"notified although assessed not notifiable - confirm; ","")&IF(AND($U2="Closed",$V2=""),"closed without closed date; ","")&IF(AND($V2<>"",$C2<>"",$V2<INT($C2)),"closed before aware; ","")&IF(AND($C2<>"",$C2>=ReportDate+1),"aware after snapshot date; ",""))) -> OK | X2: BI80857
A3: INC-2026-002 | B3: 46166 | C3: 46168.385 | D3: HR | E3: Phishing | F3: Cyber | G3: Employees | H3: 2814 | I3: =IF(OR($A3="",$H3=""),"",VLOOKUP($H3,SubjectBands,2,TRUE)) -> 1k to 10k | J3: Y | K3: High | L3: =IF(OR($A3="",$K3=""),"",IF(OR($K3="No risk",$K3="Low"),"No - record only","Yes")) -> Yes | M3: =IF($L3="Yes",$C3+NotifyHours/24,"") -> 46171.385 | N3: 46169.719 | O3: =IF(OR($A3="",$N3=""),"",ROUND(($N3-$C3)*24,1)) -> 32 | P3: =IF($O3="","",VLOOKUP($O3,TimeBands,2,TRUE)) -> 24 hours to 72 hours | Q3: =IF($L3<>"Yes","",IF($N3="",IF(ReportDate>$M3,"Overdue","Pending"),IF($N3<=$M3,"Y","N"))) -> Y | R3: =IF(OR($A3="",$K3=""),"",IF($K3="High","Yes (Art 34)","No")) -> Yes (Art 34) | S3: Compromised accounts reset; MFA enforced; affected people warned | T3: IT | U3: Closed | V3: 46188 | W3: =IF($A3="","",IF(IF(OR($C3="",$E3="",$F3="",$K3="",$T3="",$U3=""),"missing required field; ","")&IF(COUNTIF($A$2:$A$101,$A3)>1,"duplicate ID; ","")&IF($H3="","subjects affected missing; ","")&IF(AND($B3<>"",$C3<>"",INT($C3)<$B3),"aware before occurred; ","")&IF(AND($N3<>"",$C3<>"",$N3<$C3),"notified before aware; ","")&IF(AND($L3="Yes",$N3="",$U3="Closed"),"closed without DPC notification; ","")&IF(AND($N3<>"",$L3<>"Yes"),"notified although assessed not notifiable - confirm; ","")&IF(AND($U3="Closed",$V3=""),"closed without closed date; ","")&IF(AND($V3<>"",$C3<>"",$V3<INT($C3)),"closed before aware; ","")&IF(AND($C3<>"",$C3>=ReportDate+1),"aware after snapshot date; ","")="","OK","Check: "&IF(OR($C3="",$E3="",$F3="",$K3="",$T3="",$U3=""),"missing required field; ","")&IF(COUNTIF($A$2:$A$101,$A3)>1,"duplicate ID; ","")&IF($H3="","subjects affected missing; ","")&IF(AND($B3<>"",$C3<>"",INT($C3)<$B3),"aware before occurred; ","")&IF(AND($N3<>"",$C3<>"",$N3<$C3),"notified before aware; ","")&IF(AND($L3="Yes",$N3="",$U3="Closed"),"closed without DPC notification; ","")&IF(AND($N3<>"",$L3<>"Yes"),"notified although assessed not notifiable - confirm; ","")&IF(AND($U3="Closed",$V3=""),"closed without closed date; ","")&IF(AND($V3<>"",$C3<>"",$V3<INT($C3)),"closed before aware; ","")&IF(AND($C3<>"",$C3>=ReportDate+1),"aware after snapshot date; ",""))) -> OK | X3: BI56100
A4: INC-2026-003 | B4: 46180 | C4: 46183.667 | D4: HR | E4: Hardware/software misconfiguration | F4: Non Cyber | G4: Employees | H4: 97 | I4: =IF(OR($A4="",$H4=""),"",VLOOKUP($H4,SubjectBands,2,TRUE)) -> 10 to 99 | J4: N | K4: Medium | L4: =IF(OR($A4="",$K4=""),"",IF(OR($K4="No risk",$K4="Low"),"No - record only","Yes")) -> Yes | M4: =IF($L4="Yes",$C4+NotifyHours/24,"") -> 46186.667 | N4: 46188.583 | O4: =IF(OR($A4="",$N4=""),"",ROUND(($N4-$C4)*24,1)) -> 118 | P4: =IF($O4="","",VLOOKUP($O4,TimeBands,2,TRUE)) -> 72 hours to 1 week | Q4: =IF($L4<>"Yes","",IF($N4="",IF(ReportDate>$M4,"Overdue","Pending"),IF($N4<=$M4,"Y","N"))) -> N | R4: =IF(OR($A4="",$K4=""),"",IF($K4="High","Yes (Art 34)","No")) -> No | S4: Configuration corrected; exposure window confirmed in logs | T4: IT | U4: Closed | V4: 46195 | W4: =IF($A4="","",IF(IF(OR($C4="",$E4="",$F4="",$K4="",$T4="",$U4=""),"missing required field; ","")&IF(COUNTIF($A$2:$A$101,$A4)>1,"duplicate ID; ","")&IF($H4="","subjects affected missing; ","")&IF(AND($B4<>"",$C4<>"",INT($C4)<$B4),"aware before occurred; ","")&IF(AND($N4<>"",$C4<>"",$N4<$C4),"notified before aware; ","")&IF(AND($L4="Yes",$N4="",$U4="Closed"),"closed without DPC notification; ","")&IF(AND($N4<>"",$L4<>"Yes"),"notified although assessed not notifiable - confirm; ","")&IF(AND($U4="Closed",$V4=""),"closed without closed date; ","")&IF(AND($V4<>"",$C4<>"",$V4<INT($C4)),"closed before aware; ","")&IF(AND($C4<>"",$C4>=ReportDate+1),"aware after snapshot date; ","")="","OK","Check: "&IF(OR($C4="",$E4="",$F4="",$K4="",$T4="",$U4=""),"missing required field; ","")&IF(COUNTIF($A$2:$A$101,$A4)>1,"duplicate ID; ","")&IF($H4="","subjects affected missing; ","")&IF(AND($B4<>"",$C4<>"",INT($C4)<$B4),"aware before occurred; ","")&IF(AND($N4<>"",$C4<>"",$N4<$C4),"notified before aware; ","")&IF(AND($L4="Yes",$N4="",$U4="Closed"),"closed without DPC notification; ","")&IF(AND($N4<>"",$L4<>"Yes"),"notified although assessed not notifiable - confirm; ","")&IF(AND($U4="Closed",$V4=""),"closed without closed date; ","")&IF(AND($V4<>"",$C4<>"",$V4<INT($C4)),"closed before aware; ","")&IF(AND($C4<>"",$C4>=ReportDate+1),"aware after snapshot date; ",""))) -> OK | X4: BI53010
A5: INC-2026-004 | B5: 46200 | C5: 46202.458 | D5: HR | E5: Other cyber incident | F5: Cyber | G5: Employees | H5: 42 | I5: =IF(OR($A5="",$H5=""),"",VLOOKUP($H5,SubjectBands,2,TRUE)) -> 10 to 99 | J5: N | K5: Medium | L5: =IF(OR($A5="",$K5=""),"",IF(OR($K5="No risk",$K5="Low"),"No - record only","Yes")) -> Yes | M5: =IF($L5="Yes",$C5+NotifyHours/24,"") -> 46205.458 | N5: 46214.875 | O5: =IF(OR($A5="",$N5=""),"",ROUND(($N5-$C5)*24,1)) -> 298 | P5: =IF($O5="","",VLOOKUP($O5,TimeBands,2,TRUE)) -> More than 1 week | Q5: =IF($L5<>"Yes","",IF($N5="",IF(ReportDate>$M5,"Overdue","Pending"),IF($N5<=$M5,"Y","N"))) -> N | R5: =IF(OR($A5="",$K5=""),"",IF($K5="High","Yes (Art 34)","No")) -> No | S5: Suspicious activity blocked; credentials rotated; logs reviewed | T5: IT | U5: Closed | V5: 46219 | W5: =IF($A5="","",IF(IF(OR($C5="",$E5="",$F5="",$K5="",$T5="",$U5=""),"missing required field; ","")&IF(COUNTIF($A$2:$A$101,$A5)>1,"duplicate ID; ","")&IF($H5="","subjects affected missing; ","")&IF(AND($B5<>"",$C5<>"",INT($C5)<$B5),"aware before occurred; ","")&IF(AND($N5<>"",$C5<>"",$N5<$C5),"notified before aware; ","")&IF(AND($L5="Yes",$N5="",$U5="Closed"),"closed without DPC notification; ","")&IF(AND($N5<>"",$L5<>"Yes"),"notified although assessed not notifiable - confirm; ","")&IF(AND($U5="Closed",$V5=""),"closed without closed date; ","")&IF(AND($V5<>"",$C5<>"",$V5<INT($C5)),"closed before aware; ","")&IF(AND($C5<>"",$C5>=ReportDate+1),"aware after snapshot date; ","")="","OK","Check: "&IF(OR($C5="",$E5="",$F5="",$K5="",$T5="",$U5=""),"missing required field; ","")&IF(COUNTIF($A$2:$A$101,$A5)>1,"duplicate ID; ","")&IF($H5="","subjects affected missing; ","")&IF(AND($B5<>"",$C5<>"",INT($C5)<$B5),"aware before occurred; ","")&IF(AND($N5<>"",$C5<>"",$N5<$C5),"notified before aware; ","")&IF(AND($L5="Yes",$N5="",$U5="Closed"),"closed without DPC notification; ","")&IF(AND($N5<>"",$L5<>"Yes"),"notified although assessed not notifiable - confirm; ","")&IF(AND($U5="Closed",$V5=""),"closed without closed date; ","")&IF(AND($V5<>"",$C5<>"",$V5<INT($C5)),"closed before aware; ","")&IF(AND($C5<>"",$C5>=ReportDate+1),"aware after snapshot date; ",""))) -> OK | X5: BI68479
A6: INC-2026-005 | B6: 46217 | C6: 46217.361 | D6: Stores | E6: Ransomware | F6: Cyber | G6: Customers or prospective customers | H6: 863 | I6: =IF(OR($A6="",$H6=""),"",VLOOKUP($H6,SubjectBands,2,TRUE)) -> 100 to 1k | J6: N | K6: High | L6: =IF(OR($A6="",$K6=""),"",IF(OR($K6="No risk",$K6="Low"),"No - record only","Yes")) -> Yes | M6: =IF($L6="Yes",$C6+NotifyHours/24,"") -> 46220.361 | N6: 46222.403 | O6: =IF(OR($A6="",$N6=""),"",ROUND(($N6-$C6)*24,1)) -> 121 | P6: =IF($O6="","",VLOOKUP($O6,TimeBands,2,TRUE)) -> 72 hours to 1 week | Q6: =IF($L6<>"Yes","",IF($N6="",IF(ReportDate>$M6,"Overdue","Pending"),IF($N6<=$M6,"Y","N"))) -> N | R6: =IF(OR($A6="",$K6=""),"",IF($K6="High","Yes (Art 34)","No")) -> Yes (Art 34) | S6: Affected servers isolated and restored from backup; forensic review | T6: IT | U6: Closed | V6: 46225 | W6: =IF($A6="","",IF(IF(OR($C6="",$E6="",$F6="",$K6="",$T6="",$U6=""),"missing required field; ","")&IF(COUNTIF($A$2:$A$101,$A6)>1,"duplicate ID; ","")&IF($H6="","subjects affected missing; ","")&IF(AND($B6<>"",$C6<>"",INT($C6)<$B6),"aware before occurred; ","")&IF(AND($N6<>"",$C6<>"",$N6<$C6),"notified before aware; ","")&IF(AND($L6="Yes",$N6="",$U6="Closed"),"closed without DPC notification; ","")&IF(AND($N6<>"",$L6<>"Yes"),"notified although assessed not notifiable - confirm; ","")&IF(AND($U6="Closed",$V6=""),"closed without closed date; ","")&IF(AND($V6<>"",$C6<>"",$V6<INT($C6)),"closed before aware; ","")&IF(AND($C6<>"",$C6>=ReportDate+1),"aware after snapshot date; ","")="","OK","Check: "&IF(OR($C6="",$E6="",$F6="",$K6="",$T6="",$U6=""),"missing required field; ","")&IF(COUNTIF($A$2:$A$101,$A6)>1,"duplicate ID; ","")&IF($H6="","subjects affected missing; ","")&IF(AND($B6<>"",$C6<>"",INT($C6)<$B6),"aware before occurred; ","")&IF(AND($N6<>"",$C6<>"",$N6<$C6),"notified before aware; ","")&IF(AND($L6="Yes",$N6="",$U6="Closed"),"closed without DPC notification; ","")&IF(AND($N6<>"",$L6<>"Yes"),"notified although assessed not notifiable - confirm; ","")&IF(AND($U6="Closed",$V6=""),"closed without closed date; ","")&IF(AND($V6<>"",$C6<>"",$V6<INT($C6)),"closed before aware; ","")&IF(AND($C6<>"",$C6>=ReportDate+1),"aware after snapshot date; ",""))) -> OK | X6: BI65221
A7: INC-2026-006 | B7: 46231 | C7: 46233.639 | D7: HR | E7: Other cyber incident | F7: Cyber | G7: Employees | H7: 78 | I7: =IF(OR($A7="",$H7=""),"",VLOOKUP($H7,SubjectBands,2,TRUE)) -> 10 to 99 | J7: N | K7: Medium | L7: =IF(OR($A7="",$K7=""),"",IF(OR($K7="No risk",$K7="Low"),"No - record only","Yes")) -> Yes | M7: =IF($L7="Yes",$C7+NotifyHours/24,"") -> 46236.639 | N7: 46235.472 | O7: =IF(OR($A7="",$N7=""),"",ROUND(($N7-$C7)*24,1)) -> 44 | P7: =IF($O7="","",VLOOKUP($O7,TimeBands,2,TRUE)) -> 24 hours to 72 hours | Q7: =IF($L7<>"Yes","",IF($N7="",IF(ReportDate>$M7,"Overdue","Pending"),IF($N7<=$M7,"Y","N"))) -> Y | R7: =IF(OR($A7="",$K7=""),"",IF($K7="High","Yes (Art 34)","No")) -> No | S7: Suspicious activity blocked; credentials rotated; logs reviewed | T7: IT | U7: Closed | V7: 46253 | W7: =IF($A7="","",IF(IF(OR($C7="",$E7="",$F7="",$K7="",$T7="",$U7=""),"missing required field; ","")&IF(COUNTIF($A$2:$A$101,$A7)>1,"duplicate ID; ","")&IF($H7="","subjects affected missing; ","")&IF(AND($B7<>"",$C7<>"",INT($C7)<$B7),"aware before occurred; ","")&IF(AND($N7<>"",$C7<>"",$N7<$C7),"notified before aware; ","")&IF(AND($L7="Yes",$N7="",$U7="Closed"),"closed without DPC notification; ","")&IF(AND($N7<>"",$L7<>"Yes"),"notified although assessed not notifiable - confirm; ","")&IF(AND($U7="Closed",$V7=""),"closed without closed date; ","")&IF(AND($V7<>"",$C7<>"",$V7<INT($C7)),"closed before aware; ","")&IF(AND($C7<>"",$C7>=ReportDate+1),"aware after snapshot date; ","")="","OK","Check: "&IF(OR($C7="",$E7="",$F7="",$K7="",$T7="",$U7=""),"missing required field; ","")&IF(COUNTIF($A$2:$A$101,$A7)>1,"duplicate ID; ","")&IF($H7="","subjects affected missing; ","")&IF(AND($B7<>"",$C7<>"",INT($C7)<$B7),"aware before occurred; ","")&IF(AND($N7<>"",$C7<>"",$N7<$C7),"notified before aware; ","")&IF(AND($L7="Yes",$N7="",$U7="Closed"),"closed without DPC notification; ","")&IF(AND($N7<>"",$L7<>"Yes"),"notified although assessed not notifiable - confirm; ","")&IF(AND($U7="Closed",$V7=""),"closed without closed date; ","")&IF(AND($V7<>"",$C7<>"",$V7<INT($C7)),"closed before aware; ","")&IF(AND($C7<>"",$C7>=ReportDate+1),"aware after snapshot date; ",""))) -> OK | X7: BI78434
A8: INC-2026-007 | B8: 46244 | C8: 46246.5 | D8: Loyalty & Marketing | E8: Phishing | F8: Cyber | G8: Customers or prospective customers | H8: 92 | I8: =IF(OR($A8="",$H8=""),"",VLOOKUP($H8,SubjectBands,2,TRUE)) -> 10 to 99 | J8: N | K8: Medium | L8: =IF(OR($A8="",$K8=""),"",IF(OR($K8="No risk",$K8="Low"),"No - record only","Yes")) -> Yes | M8: =IF($L8="Yes",$C8+NotifyHours/24,"") -> 46249.5 | N8: 46247.625 | O8: =IF(OR($A8="",$N8=""),"",ROUND(($N8-$C8)*24,1)) -> 27 | P8: =IF($O8="","",VLOOKUP($O8,TimeBands,2,TRUE)) -> 24 hours to 72 hours | Q8: =IF($L8<>"Yes","",IF($N8="",IF(ReportDate>$M8,"Overdue","Pending"),IF($N8<=$M8,"Y","N"))) -> Y | R8: =IF(OR($A8="",$K8=""),"",IF($K8="High","Yes (Art 34)","No")) -> No | S8: Compromised accounts reset; MFA enforced; affected people warned | T8: IT | U8: Closed | V8: 46274 | W8: =IF($A8="","",IF(IF(OR($C8="",$E8="",$F8="",$K8="",$T8="",$U8=""),"missing required field; ","")&IF(COUNTIF($A$2:$A$101,$A8)>1,"duplicate ID; ","")&IF($H8="","subjects affected missing; ","")&IF(AND($B8<>"",$C8<>"",INT($C8)<$B8),"aware before occurred; ","")&IF(AND($N8<>"",$C8<>"",$N8<$C8),"notified before aware; ","")&IF(AND($L8="Yes",$N8="",$U8="Closed"),"closed without DPC notification; ","")&IF(AND($N8<>"",$L8<>"Yes"),"notified although assessed not notifiable - confirm; ","")&IF(AND($U8="Closed",$V8=""),"closed without closed date; ","")&IF(AND($V8<>"",$C8<>"",$V8<INT($C8)),"closed before aware; ","")&IF(AND($C8<>"",$C8>=ReportDate+1),"aware after snapshot date; ","")="","OK","Check: "&IF(OR($C8="",$E8="",$F8="",$K8="",$T8="",$U8=""),"missing required field; ","")&IF(COUNTIF($A$2:$A$101,$A8)>1,"duplicate ID; ","")&IF($H8="","subjects affected missing; ","")&IF(AND($B8<>"",$C8<>"",INT($C8)<$B8),"aware before occurred; ","")&IF(AND($N8<>"",$C8<>"",$N8<$C8),"notified before aware; ","")&IF(AND($L8="Yes",$N8="",$U8="Closed"),"closed without DPC notification; ","")&IF(AND($N8<>"",$L8<>"Yes"),"notified although assessed not notifiable - confirm; ","")&IF(AND($U8="Closed",$V8=""),"closed without closed date; ","")&IF(AND($V8<>"",$C8<>"",$V8<INT($C8)),"closed before aware; ","")&IF(AND($C8<>"",$C8>=ReportDate+1),"aware after snapshot date; ",""))) -> OK | X8: BI58729
A9: INC-2026-008 | B9: 46258 | C9: 46261.698 | D9: HR | E9: Unauthorised access | F9: Non Cyber | G9: Employees | H9: 56 | I9: =IF(OR($A9="",$H9=""),"",VLOOKUP($H9,SubjectBands,2,TRUE)) -> 10 to 99 | J9: N | K9: Medium | L9: =IF(OR($A9="",$K9=""),"",IF(OR($K9="No risk",$K9="Low"),"No - record only","Yes")) -> Yes | M9: =IF($L9="Yes",$C9+NotifyHours/24,"") -> 46264.698 | N9: 46262.406 | O9: =IF(OR($A9="",$N9=""),"",ROUND(($N9-$C9)*24,1)) -> 17 | P9: =IF($O9="","",VLOOKUP($O9,TimeBands,2,TRUE)) -> Less than 24 hours | Q9: =IF($L9<>"Yes","",IF($N9="",IF(ReportDate>$M9,"Overdue","Pending"),IF($N9<=$M9,"Y","N"))) -> Y | R9: =IF(OR($A9="",$K9=""),"",IF($K9="High","Yes (Art 34)","No")) -> No | S9: Access revoked; access log review; HR process opened | T9: Privacy Manager | U9: Closed | V9: 46269 | W9: =IF($A9="","",IF(IF(OR($C9="",$E9="",$F9="",$K9="",$T9="",$U9=""),"missing required field; ","")&IF(COUNTIF($A$2:$A$101,$A9)>1,"duplicate ID; ","")&IF($H9="","subjects affected missing; ","")&IF(AND($B9<>"",$C9<>"",INT($C9)<$B9),"aware before occurred; ","")&IF(AND($N9<>"",$C9<>"",$N9<$C9),"notified before aware; ","")&IF(AND($L9="Yes",$N9="",$U9="Closed"),"closed without DPC notification; ","")&IF(AND($N9<>"",$L9<>"Yes"),"notified although assessed not notifiable - confirm; ","")&IF(AND($U9="Closed",$V9=""),"closed without closed date; ","")&IF(AND($V9<>"",$C9<>"",$V9<INT($C9)),"closed before aware; ","")&IF(AND($C9<>"",$C9>=ReportDate+1),"aware after snapshot date; ","")="","OK","Check: "&IF(OR($C9="",$E9="",$F9="",$K9="",$T9="",$U9=""),"missing required field; ","")&IF(COUNTIF($A$2:$A$101,$A9)>1,"duplicate ID; ","")&IF($H9="","subjects affected missing; ","")&IF(AND($B9<>"",$C9<>"",INT($C9)<$B9),"aware before occurred; ","")&IF(AND($N9<>"",$C9<>"",$N9<$C9),"notified before aware; ","")&IF(AND($L9="Yes",$N9="",$U9="Closed"),"closed without DPC notification; ","")&IF(AND($N9<>"",$L9<>"Yes"),"notified although assessed not notifiable - confirm; ","")&IF(AND($U9="Closed",$V9=""),"closed without closed date; ","")&IF(AND($V9<>"",$C9<>"",$V9<INT($C9)),"closed before aware; ","")&IF(AND($C9<>"",$C9>=ReportDate+1),"aware after snapshot date; ",""))) -> OK | X9: BI76929
